timestamp,symbol,timeframe,iteration,direction,setup_id,range_high,range_low,range_quality_score,range_bars,range_touches_high,range_touches_low,atr_at_setup,range_height_atr,ssl_bsl_sweep_type,sweep_bar,sweep_wick_size_atr,sweep_wick_size_abs,structure_break_type,breakout_bar,breakout_direction,breakout_body_atr,breakout_quality,htf_trend,retest_zone_type,retest_zone_top,retest_zone_bottom,entry_price,sl_price,tp1_price,tp2_price,tp_score,rr_tp1,rr_tp2,rejection_reason,entry_bar,exit_bar,exit_reason,exit_price,r_multiple,mae_abs,mfe_abs,bars_held,session,override_type,compensation_score,compensation_breakdown
2024-04-11 07:45:00+00:00,XAU/USD,5min,99,LONG,SETUP_00003,2339.77002,2333.94995,70.0,20,3,3,1.8377,2.827,SSL_SWING_LOW,435,1.09,2.35,MSS_BULLISH,444,LONG,1.015,STRONG,RANGING,OB,2338.81,2337.88,2339.04,2337.33,2340.74,2342.29,35,1.0,1.91,,449,451,SL,2337.28,-1.029,3.35,0.52,2,london,NONE,80.0,"{""sweep_depth"":35.0,""displacement"":10.0,""zone_confluence"":0.0,""htf_clarity"":20.0,""round_number"":0.0,""pdh_pdl"":0.0,""session_timing"":15.0,""total"":80.0}"
2024-04-15 11:40:00+00:00,XAU/USD,5min,99,SHORT,SETUP_00006,2361.30005,2355.61011,55.0,8,3,2,2.1103,2.696,BSL_SWING_HIGH,975,0.282,0.67,MSS_BEARISH,981,SHORT,0.716,MODERATE,RANGING,BB,2359.66,2359.12,2358.9,2358.9,2357.5,2355.19,35,1.0,2.65,,1036,1038,SL,2358.95,0.504,0.51,1.75,2,london,NONE,20.0,"{""sweep_depth"":0.0,""displacement"":0.0,""zone_confluence"":0.0,""htf_clarity"":20.0,""round_number"":0.0,""pdh_pdl"":0.0,""session_timing"":0.0,""total"":20.0}"
2024-04-18 09:55:00+00:00,XAU/USD,5min,99,SHORT,SETUP_00008,2380.68994,2376.73999,50.0,44,1,3,1.0665,2.253,BSL_SWING_HIGH,1809,0.545,1.01,MSS_BEARISH,1809,SHORT,0.993,MODERATE,RANGING,OB,2380.91,2380.69,2380.46,2380.46,2379.46,2374.32,35,1.0,8.04,,1843,1848,SL,2380.51,0.5,0.52,3.06,5,london,NONE,30.0,"{""sweep_depth"":10.0,""displacement"":0.0,""zone_confluence"":0.0,""htf_clarity"":20.0,""round_number"":0.0,""pdh_pdl"":0.0,""session_timing"":0.0,""total"":30.0}"
2024-04-23 08:45:00+00:00,XAU/USD,5min,99,SHORT,SETUP_00013,2314.65991,2295.77002,40.0,85,4,1,2.0502,3.354,BSL_SWING_HIGH,2614,0.473,1.21,MSS_BEARISH,2625,SHORT,0.696,MODERATE,DOWNTREND,BB,2302.62,2301.79,2301.57,2303.24,2299.89,2276.88,20,1.0,14.78,,2645,2646,SL,2303.29,-1.03,2.23,0.0,1,london,NONE,60.0,"{""sweep_depth"":0.0,""displacement"":0.0,""zone_confluence"":15.0,""htf_clarity"":20.0,""round_number"":10.0,""pdh_pdl"":0.0,""session_timing"":15.0,""total"":60.0}"
2024-04-26 10:55:00+00:00,XAU/USD,5min,99,SHORT,SETUP_00014,2352.63989,2346.3501,55.0,28,2,2,1.2209,3.344,BSL_SWING_HIGH,3493,1.073,1.41,MSS_BEARISH,3493,SHORT,0.898,MODERATE,RANGING,OB,2348.98,2348.78,2348.56,2348.56,2347.56,2332.32,30,1.0,20.52,,3499,3500,SL,2348.61,0.5,0.04,1.11,1,london,NONE,90.0,"{""sweep_depth"":35.0,""displacement"":0.0,""zone_confluence"":15.0,""htf_clarity"":20.0,""round_number"":20.0,""pdh_pdl"":0.0,""session_timing"":0.0,""total"":90.0}"
2024-05-01 08:00:00+00:00,XAU/USD,5min,99,SHORT,SETUP_00016,2288.070068,2283.6001,55.0,11,2,2,1.4292,3.358,BSL_SWING_HIGH,4269,0.43,0.51,MSS_BEARISH,4274,SHORT,0.771,MODERATE,RANGING,OB,2286.95,2286.61,2286.39,2286.39,2285.39,2285.16,35,1.0,1.23,,4280,4281,TP2,2285.16,1.115,0.0,1.66,1,london,NONE,35.0,"{""sweep_depth"":0.0,""displacement"":0.0,""zone_confluence"":0.0,""htf_clarity"":20.0,""round_number"":0.0,""pdh_pdl"":0.0,""session_timing"":15.0,""total"":35.0}"
2024-05-01 08:35:00+00:00,XAU/USD,5min,99,SHORT,SETUP_00017,2288.070068,2283.6001,55.0,18,2,2,1.3924,3.358,BSL_SWING_HIGH,4283,0.252,0.35,MSS_BEARISH,4283,SHORT,1.125,STRONG,RANGING,OB,2285.91,2285.71,2285.49,2285.49,2284.49,2279.13,25,1.0,7.55,,4287,4291,SL,2285.54,0.5,1.03,1.43,4,london,NONE,45.0,"{""sweep_depth"":0.0,""displacement"":10.0,""zone_confluence"":0.0,""htf_clarity"":20.0,""round_number"":0.0,""pdh_pdl"":0.0,""session_timing"":15.0,""total"":45.0}"
2024-08-22 07:35:00+00:00,XAU/USD,5min,99,SHORT,SETUP_00028,2510.6499,2504.23999,70.0,20,2,3,1.9724,3.063,BSL_SWING_HIGH,6808,0.237,0.49,MSS_BEARISH,6808,SHORT,1.652,STRONG,RANGING,OB,2508.61,2508.41,2508.18,2508.18,2507.16,2500.97,35,1.0,7.09,,6812,6814,SL,2508.23,0.5,1.0,1.87,2,london,NONE,55.0,"{""sweep_depth"":0.0,""displacement"":20.0,""zone_confluence"":0.0,""htf_clarity"":20.0,""round_number"":0.0,""pdh_pdl"":0.0,""session_timing"":15.0,""total"":55.0}"
2024-08-22 10:05:00+00:00,XAU/USD,5min,99,SHORT,SETUP_00030,2508.61011,2504.01001,55.0,9,2,2,1.5134,2.875,BSL_SWING_HIGH,6819,0.481,0.83,MSS_BEARISH,6819,SHORT,0.417,MODERATE,RANGING,OB,2509.18,2507.6,2507.38,2507.38,2505.12,2501.05,35,1.0,2.8,,6842,6860,TP2,2501.05,1.909,1.74,9.16,18,london,NONE,20.0,"{""sweep_depth"":0.0,""displacement"":0.0,""zone_confluence"":0.0,""htf_clarity"":20.0,""round_number"":0.0,""pdh_pdl"":0.0,""session_timing"":0.0,""total"":20.0}"
2024-08-23 07:15:00+00:00,XAU/USD,5min,99,SHORT,SETUP_00031,2494.56006,2491.3501,50.0,47,1,2,1.3302,2.668,BSL_SWING_HIGH,7080,0.212,0.29,MSS_BEARISH,7081,SHORT,0.485,MODERATE,RANGING,OB,2493.38,2491.9,2491.67,2493.78,2489.57,2488.11,35,1.0,1.69,,7084,7087,SL,2493.83,-1.024,2.48,0.0,3,london,NONE,35.0,"{""sweep_depth"":0.0,""displacement"":0.0,""zone_confluence"":0.0,""htf_clarity"":20.0,""round_number"":0.0,""pdh_pdl"":0.0,""session_timing"":15.0,""total"":35.0}"
2024-08-30 11:40:00+00:00,XAU/USD,5min,99,SHORT,SETUP_00034,2520.02002,2515.060059,55.0,15,4,2,1.6216,2.703,BSL_SWING_HIGH,8459,0.695,1.37,MSS_BEARISH,8460,SHORT,0.76,MODERATE,RANGING,OB,2521.72,2521.52,2521.29,2521.29,2520.29,2512.42,35,1.0,9.74,,8516,8522,SL,2521.34,0.5,0.61,2.98,6,london,NONE,30.0,"{""sweep_depth"":10.0,""displacement"":0.0,""zone_confluence"":0.0,""htf_clarity"":20.0,""round_number"":0.0,""pdh_pdl"":0.0,""session_timing"":0.0,""total"":30.0}"
2024-12-18 08:55:00+00:00,XAU/USD,5min,99,SHORT,SETUP_00054,2647.56006,2644.22998,40.0,67,2,1,1.6806,3.051,BSL_SWING_HIGH,10711,0.245,0.3,MSS_BEARISH,10712,SHORT,0.492,MODERATE,RANGING,OB,2648.86,2648.16,2647.93,2647.93,2646.51,2642.84,35,1.0,3.57,,10734,10749,SL,2647.98,0.497,1.37,2.32,15,london,NONE,70.0,"{""sweep_depth"":0.0,""displacement"":0.0,""zone_confluence"":15.0,""htf_clarity"":20.0,""round_number"":20.0,""pdh_pdl"":0.0,""session_timing"":15.0,""total"":70.0}"
2024-12-27 07:40:00+00:00,XAU/USD,5min,99,SHORT,SETUP_00077,2637.090088,2633.92993,70.0,17,3,4,1.4661,2.517,BSL_SWING_HIGH,12325,0.758,0.96,MSS_BEARISH,12327,SHORT,1.454,STRONG,RANGING,FVG,2635.97,2635.2,2634.97,2634.97,2633.54,2631.32,35,1.0,2.55,,12335,12339,TP2,2631.32,1.764,1.1,5.35,4,london,NONE,80.0,"{""sweep_depth"":20.0,""displacement"":10.0,""zone_confluence"":15.0,""htf_clarity"":20.0,""round_number"":0.0,""pdh_pdl"":0.0,""session_timing"":15.0,""total"":80.0}"
2025-01-08 08:55:00+00:00,XAU/USD,5min,99,LONG,SETUP_00085,2652.71997,2649.01001,80.0,35,2,2,1.4019,3.482,SSL_EQUAL_LOWS,14275,0.364,0.515,MSS_BULLISH,14275,LONG,0.727,MODERATE,RANGING,OB,2651.48,2650.49,2651.7,2651.7,2653.34,2656.43,50,1.0,2.89,,14280,14306,SL,2651.65,0.503,0.29,3.53,26,london,NONE,70.0,"{""sweep_depth"":0.0,""displacement"":0.0,""zone_confluence"":15.0,""htf_clarity"":20.0,""round_number"":20.0,""pdh_pdl"":0.0,""session_timing"":15.0,""total"":70.0}"
2025-04-28 08:00:00+00:00,XAU/USD,5min,99,SHORT,SETUP_00087,3292.5,3283.8,40.0,18,1,2,2.7061,3.411,BSL_SWING_HIGH,15243,0.244,0.5,MSS_BEARISH,15248,SHORT,0.431,MODERATE,RANGING,OB,3288.4,3286.4,3286.17,3286.17,3283.14,3275.1,30,1.0,3.65,,15258,15269,SL,3286.22,0.498,2.93,6.99,11,london,NONE,35.0,"{""sweep_depth"":0.0,""displacement"":0.0,""zone_confluence"":0.0,""htf_clarity"":20.0,""round_number"":0.0,""pdh_pdl"":0.0,""session_timing"":15.0,""total"":35.0}"
2025-04-29 07:25:00+00:00,XAU/USD,5min,99,SHORT,SETUP_00088,3323.9,3316.0,50.0,9,2,1,2.3339,3.249,BSL_SWING_HIGH,15524,0.438,1.1,MSS_BEARISH,15526,SHORT,0.52,MODERATE,RANGING,OB,3320.6,3320.0,3319.77,3319.77,3318.25,3316.0,35,1.0,2.48,,15528,15530,SL,3319.82,0.497,0.73,3.47,2,london,NONE,35.0,"{""sweep_depth"":0.0,""displacement"":0.0,""zone_confluence"":0.0,""htf_clarity"":20.0,""round_number"":0.0,""pdh_pdl"":0.0,""session_timing"":15.0,""total"":35.0}"
2025-05-01 08:25:00+00:00,XAU/USD,5min,99,SHORT,SETUP_00091,3239.92,3226.3,40.0,22,2,1,3.2038,3.34,BSL_SWING_HIGH,16073,0.605,2.37,MSS_BEARISH,16074,SHORT,0.386,MODERATE,RANGING,OB,3237.16,3236.23,3236.0,3236.0,3233.89,3225.72,35,1.0,4.86,,16089,16096,SL,3236.05,0.498,0.01,3.97,7,london,NONE,45.0,"{""sweep_depth"":10.0,""displacement"":0.0,""zone_confluence"":0.0,""htf_clarity"":20.0,""round_number"":0.0,""pdh_pdl"":0.0,""session_timing"":15.0,""total"":45.0}"
2025-05-01 11:00:00+00:00,XAU/USD,5min,99,LONG,SETUP_00092,3224.1,3213.62,65.0,16,3,3,2.9283,3.456,SSL_EQUAL_LOWS,16095,0.507,1.25,BOS_MOMENTUM_OVERRIDE,16097,LONG,1.913,MODERATE_BOS,RANGING,BB,3227.21,3226.53,3227.44,3225.65,3229.22,3235.98,35,1.0,4.79,,16120,16121,SL,3225.6,-1.028,4.44,0.0,1,london,MOMENTUM_OVERRIDE,50.0,"{""sweep_depth"":10.0,""displacement"":20.0,""zone_confluence"":0.0,""htf_clarity"":20.0,""round_number"":0.0,""pdh_pdl"":0.0,""session_timing"":0.0,""total"":50.0}"
2025-05-01 11:25:00+00:00,XAU/USD,5min,99,SHORT,SETUP_00093,3224.1,3213.62,65.0,21,3,3,2.8413,3.456,BSL_SWING_HIGH,16121,0.452,1.37,MSS_BEARISH,16123,SHORT,0.52,MODERATE,RANGING,OB,3226.54,3222.91,3222.68,3222.68,3217.98,3213.62,25,1.0,1.93,,16125,16129,TP2,3213.62,1.461,2.58,16.0,4,london,NONE,20.0,"{""sweep_depth"":0.0,""displacement"":0.0,""zone_confluence"":0.0,""htf_clarity"":20.0,""round_number"":0.0,""pdh_pdl"":0.0,""session_timing"":0.0,""total"":20.0}"
2025-05-08 09:50:00+00:00,XAU/USD,5min,99,SHORT,SETUP_00105,3346.04,3320.28,70.0,43,2,2,3.4315,3.165,BSL_SWING_HIGH,17736,0.208,0.68,MSS_BEARISH,17740,SHORT,0.337,MODERATE,RANGING,OB,3343.4,3340.96,3340.73,3340.73,3337.04,3294.52,20,1.0,12.51,,17744,17749,SL,3340.78,0.499,0.84,10.45,5,london,NONE,20.0,"{""sweep_depth"":0.0,""displacement"":0.0,""zone_confluence"":0.0,""htf_clarity"":20.0,""round_number"":0.0,""pdh_pdl"":0.0,""session_timing"":0.0,""total"":20.0}"
2025-05-13 11:25:00+00:00,XAU/USD,5min,99,SHORT,SETUP_00113,3260.52,3251.08,80.0,77,2,2,2.9237,3.167,BSL_SWING_HIGH,18743,0.207,0.66,MSS_BEARISH,18751,SHORT,0.622,MODERATE,RANGING,OB,3258.41,3258.21,3257.98,3257.98,3256.68,3241.64,50,1.0,12.55,,18787,18788,SL,3258.03,0.496,0.43,3.43,1,london,NONE,20.0,"{""sweep_depth"":0.0,""displacement"":0.0,""zone_confluence"":0.0,""htf_clarity"":20.0,""round_number"":0.0,""pdh_pdl"":0.0,""session_timing"":0.0,""total"":20.0}"
2025-05-14 08:40:00+00:00,XAU/USD,5min,99,SHORT,SETUP_00114,3236.64,3228.13,70.0,36,2,2,3.543,2.919,BSL_SWING_HIGH,19023,1.145,3.88,MSS_BEARISH,19023,SHORT,1.499,STRONG,RANGING,BB,3231.3,3230.71,3230.48,3232.36,3228.61,3222.17,35,1.0,4.43,,19042,19043,SL,3232.41,-1.027,4.28,0.0,1,london,NONE,80.0,"{""sweep_depth"":35.0,""displacement"":10.0,""zone_confluence"":0.0,""htf_clarity"":20.0,""round_number"":0.0,""pdh_pdl"":0.0,""session_timing"":15.0,""total"":80.0}"
2025-05-16 07:45:00+00:00,XAU/USD,5min,99,SHORT,SETUP_00115,3221.65,3207.3,40.0,14,1,1,3.8251,3.154,BSL_SWING_HIGH,19599,0.622,2.58,MSS_BEARISH,19600,SHORT,1.371,STRONG,RANGING,OB,3216.24,3212.15,3211.92,3211.92,3206.46,3192.95,25,1.0,3.47,,19606,19627,SL,3211.97,0.499,1.88,16.33,21,london,NONE,55.0,"{""sweep_depth"":10.0,""displacement"":10.0,""zone_confluence"":0.0,""htf_clarity"":20.0,""round_number"":0.0,""pdh_pdl"":0.0,""session_timing"":15.0,""total"":55.0}"
2025-05-17 08:15:00+00:00,XAU/USD,5min,99,LONG,SETUP_00116,3207.5,3204.6,50.0,23,1,3,1.2365,3.417,SSL_EQUAL_LOWS,19872,0.625,0.6,MSS_BULLISH,19872,LONG,0.625,MODERATE,RANGING,BB,3203.3,3203.0,3203.53,3203.53,3204.53,3209.23,35,1.0,6.37,,19880,19915,TP2,3209.23,3.35,0.0,6.17,35,london,NONE,45.0,"{""sweep_depth"":10.0,""displacement"":0.0,""zone_confluence"":0.0,""htf_clarity"":20.0,""round_number"":0.0,""pdh_pdl"":0.0,""session_timing"":15.0,""total"":45.0}"
2025-09-12 07:35:00+00:00,XAU/USD,5min,99,SHORT,SETUP_00123,3652.21,3648.0,70.0,21,2,3,1.4126,3.003,BSL_SWING_HIGH,22966,0.49,0.75,MSS_BEARISH,22971,SHORT,1.778,STRONG,DOWNTREND,OB,3649.98,3649.57,3649.34,3649.34,3648.29,3643.79,30,1.0,5.25,,22977,22983,SL,3649.39,0.495,0.78,1.62,6,london,NONE,90.0,"{""sweep_depth"":0.0,""displacement"":20.0,""zone_confluence"":15.0,""htf_clarity"":20.0,""round_number"":20.0,""pdh_pdl"":0.0,""session_timing"":15.0,""total"":90.0}"
2025-09-15 11:55:00+00:00,XAU/USD,5min,99,SHORT,SETUP_00135,3653.91,3650.4,75.0,8,3,2,1.7289,2.03,BSL_SWING_HIGH,23494,0.28,0.5,MSS_BEARISH,23494,SHORT,0.778,MODERATE,DOWNTREND,OB,3652.57,3652.38,3652.15,3652.15,3651.15,3646.89,50,1.0,5.57,,23510,23515,TP2,3646.89,3.13,0.0,8.85,5,london,NONE,45.0,"{""sweep_depth"":0.0,""displacement"":0.0,""zone_confluence"":15.0,""htf_clarity"":20.0,""round_number"":10.0,""pdh_pdl"":0.0,""session_timing"":0.0,""total"":45.0}"
2026-01-09 08:10:00+00:00,XAU/USD,5min,99,SHORT,SETUP_00141,4476.094,4470.15496,50.0,20,8,1,2.9401,2.197,BSL_SWING_HIGH,25178,0.535,1.524,MSS_BEARISH,25189,SHORT,0.388,MODERATE,RANGING,OB,4476.09,4474.84,4474.62,4474.62,4472.26,4464.22,30,1.0,4.41,,25202,25206,SL,4474.67,0.5,0.34,3.21,4,london,NONE,45.0,"{""sweep_depth"":10.0,""displacement"":0.0,""zone_confluence"":0.0,""htf_clarity"":20.0,""round_number"":0.0,""pdh_pdl"":0.0,""session_timing"":15.0,""total"":45.0}"
2026-01-09 11:05:00+00:00,XAU/USD,5min,99,SHORT,SETUP_00143,4473.77719,4467.41139,55.0,11,3,2,2.5744,2.997,BSL_SWING_HIGH,25207,0.767,2.035,MSS_BEARISH,25207,SHORT,0.917,MODERATE,RANGING,OB,4474.84,4474.64,4474.42,4474.42,4473.22,4467.56,35,1.0,5.73,,25237,25247,SL,4474.47,0.504,1.63,5.67,10,london,NONE,40.0,"{""sweep_depth"":20.0,""displacement"":0.0,""zone_confluence"":0.0,""htf_clarity"":20.0,""round_number"":0.0,""pdh_pdl"":0.0,""session_timing"":0.0,""total"":40.0}"
2026-01-13 09:10:00+00:00,XAU/USD,5min,99,SHORT,SETUP_00147,4595.90679,4589.76815,65.0,8,4,3,2.7644,2.221,BSL_SWING_HIGH,26329,0.385,1.426,MSS_BEARISH,26341,SHORT,0.878,MODERATE,RANGING,BB,4595.92,4593.24,4593.01,4593.01,4589.28,4578.24,35,1.0,3.96,,26366,26411,SL,4593.06,0.499,1.74,13.99,45,london,NONE,35.0,"{""sweep_depth"":0.0,""displacement"":0.0,""zone_confluence"":0.0,""htf_clarity"":20.0,""round_number"":0.0,""pdh_pdl"":0.0,""session_timing"":15.0,""total"":35.0}"
2026-01-19 08:00:00+00:00,XAU/USD,5min,99,LONG,SETUP_00152,4686.1434,4661.0329,50.0,104,1,1,3.0659,3.45,SSL_EQUAL_LOWS,28077,0.285,0.812,MSS_BULLISH,28078,LONG,0.352,MODERATE,RANGING,FVG,4666.85,4666.54,4667.08,4667.08,4668.54,4686.14,30,1.0,13.06,,28080,28089,SL,4667.03,0.5,1.6,6.8,9,london,NONE,50.0,"{""sweep_depth"":0.0,""displacement"":0.0,""zone_confluence"":15.0,""htf_clarity"":20.0,""round_number"":0.0,""pdh_pdl"":0.0,""session_timing"":15.0,""total"":50.0}"
2026-01-21 09:00:00+00:00,XAU/USD,5min,99,LONG,SETUP_00153,4869.55738,4855.33843,65.0,12,2,2,4.7374,2.737,SSL_SWING_LOW,28656,0.55,3.391,MSS_BULLISH,28665,LONG,0.711,MODERATE,RANGING,OB,4855.78,4855.45,4856.01,4856.01,4857.99,4869.55,35,1.0,6.83,,28668,28673,TP2,4869.55,3.899,0.0,19.83,5,london,NONE,45.0,"{""sweep_depth"":10.0,""displacement"":0.0,""zone_confluence"":0.0,""htf_clarity"":20.0,""round_number"":0.0,""pdh_pdl"":0.0,""session_timing"":15.0,""total"":45.0}"
2026-05-22 11:40:00+00:00,XAU/USD,5min,99,LONG,SETUP_00167,4518.38589,4511.21036,45.0,12,1,3,3.5503,2.314,SSL_SWING_LOW,32219,0.717,2.626,MSS_BULLISH,32219,LONG,0.394,MODERATE,RANGING,OB,4520.31,4519.66,4520.54,4520.54,4522.48,4527.63,35,1.0,3.64,,32260,32261,SL,4520.49,0.497,1.02,3.58,1,london,NONE,30.0,"{""sweep_depth"":10.0,""displacement"":0.0,""zone_confluence"":0.0,""htf_clarity"":20.0,""round_number"":0.0,""pdh_pdl"":0.0,""session_timing"":0.0,""total"":30.0}"
2026-05-25 07:15:00+00:00,XAU/USD,5min,99,SHORT,SETUP_00168,4565.19424,4553.93933,70.0,10,2,3,3.8878,3.454,BSL_SWING_HIGH,33066,0.27,0.746,MSS_BEARISH,33069,SHORT,0.805,MODERATE,RANGING,BB,4562.62,4562.42,4562.19,4562.19,4560.6,4557.82,35,1.0,2.75,,33071,33072,TP2,4557.82,1.874,0.0,9.49,1,london,NONE,35.0,"{""sweep_depth"":0.0,""displacement"":0.0,""zone_confluence"":0.0,""htf_clarity"":20.0,""round_number"":0.0,""pdh_pdl"":0.0,""session_timing"":15.0,""total"":35.0}"
2026-05-28 11:20:00+00:00,XAU/USD,5min,99,SHORT,SETUP_00180,4395.45831,4381.73692,55.0,54,3,3,4.6646,3.089,BSL_SWING_HIGH,33960,0.598,2.976,MSS_BEARISH,33960,SHORT,1.101,STRONG,DOWNTREND,OB,4390.52,4388.14,4387.92,4387.92,4383.92,4378.34,35,1.0,2.39,,33984,33987,SL,4387.97,0.5,2.09,7.2,3,london,NONE,40.0,"{""sweep_depth"":10.0,""displacement"":10.0,""zone_confluence"":0.0,""htf_clarity"":20.0,""round_number"":0.0,""pdh_pdl"":0.0,""session_timing"":0.0,""total"":40.0}"
2026-06-05 07:55:00+00:00,XAU/USD,5min,99,SHORT,SETUP_00186,4467.07764,4456.32946,45.0,9,3,1,4.2772,2.443,BSL_SWING_HIGH,35757,0.242,1.484,MSS_BEARISH,35771,SHORT,0.57,MODERATE,RANGING,OB,4466.07,4463.78,4463.56,4463.56,4459.76,4444.78,35,1.0,4.94,,35775,35780,SL,4463.61,0.5,1.72,4.63,5,london,NONE,35.0,"{""sweep_depth"":0.0,""displacement"":0.0,""zone_confluence"":0.0,""htf_clarity"":20.0,""round_number"":0.0,""pdh_pdl"":0.0,""session_timing"":15.0,""total"":35.0}"
2026-06-11 09:55:00+00:00,XAU/USD,5min,99,SHORT,SETUP_00188,4089.05211,4078.30343,65.0,12,3,2,4.9679,2.214,BSL_SWING_HIGH,37512,0.651,3.579,MSS_BEARISH,37515,SHORT,0.627,MODERATE,DOWNTREND,OB,4096.18,4095.12,4094.9,4094.9,4092.13,4075.86,35,1.0,6.87,,37527,37533,SL,4094.95,0.5,0.27,8.09,6,london,NONE,30.0,"{""sweep_depth"":10.0,""displacement"":0.0,""zone_confluence"":0.0,""htf_clarity"":20.0,""round_number"":0.0,""pdh_pdl"":0.0,""session_timing"":0.0,""total"":30.0}"
2024-04-10 07:15:00+00:00,XAU/USD,5min,99,SHORT,SETUP_00001,2360.1001,2355.84009,70.0,28,3,2,1.7066,3.287,BSL_PDH,165,0.872,1.59,MSS_BEARISH,165,SHORT,0.74,MODERATE,RANGING,OB,2356.31,2355.02,2354.8,2356.82,2352.77,2350.82,35,1.0,1.96,SHORT_BLOCKED_SWEEP_BSL_PDH,-1,-1,,0.0,0.0,0.0,0.0,0,london,NONE,55.0,"{""sweep_depth"":20.0,""displacement"":0.0,""zone_confluence"":0.0,""htf_clarity"":20.0,""round_number"":0.0,""pdh_pdl"":0.0,""session_timing"":15.0,""total"":55.0}"
2024-04-10 07:30:00+00:00,XAU/USD,5min,99,SHORT,SETUP_00002,2360.1001,2355.84009,70.0,31,3,2,1.6967,3.287,BSL_PDH,165,0.872,1.59,MSS_BEARISH,165,SHORT,0.74,MODERATE,RANGING,FVG,2358.01,2355.69,2355.46,2358.52,2352.41,2350.91,35,1.0,1.49,SHORT_BLOCKED_SWEEP_BSL_PDH,-1,-1,,0.0,0.0,0.0,0.0,0,london,NONE,70.0,"{""sweep_depth"":20.0,""displacement"":0.0,""zone_confluence"":15.0,""htf_clarity"":20.0,""round_number"":0.0,""pdh_pdl"":0.0,""session_timing"":15.0,""total"":70.0}"
2024-04-15 11:10:00+00:00,XAU/USD,5min,99,SHORT,SETUP_00004,0.0,0.0,0.0,0,0,0,2.2164,0.0,BSL_SWING_HIGH,975,0.282,0.67,MSS_BEARISH,981,SHORT,0.716,MODERATE,RANGING,BB,2359.66,2359.12,2358.9,2360.32,2357.47,2355.19,35,1.0,2.59,NO_VALID_RANGE,-1,-1,,0.0,0.0,0.0,0.0,0,london,NONE,20.0,"{""sweep_depth"":0.0,""displacement"":0.0,""zone_confluence"":0.0,""htf_clarity"":20.0,""round_number"":0.0,""pdh_pdl"":0.0,""session_timing"":0.0,""total"":20.0}"
2024-04-15 11:20:00+00:00,XAU/USD,5min,99,SHORT,SETUP_00005,0.0,0.0,0.0,0,0,0,2.0919,0.0,BSL_SWING_HIGH,975,0.282,0.67,MSS_BEARISH,981,SHORT,0.716,MODERATE,RANGING,BB,2359.66,2359.12,2358.9,2360.29,2357.5,2355.19,35,1.0,2.66,NO_VALID_RANGE,-1,-1,,0.0,0.0,0.0,0.0,0,london,NONE,20.0,"{""sweep_depth"":0.0,""displacement"":0.0,""zone_confluence"":0.0,""htf_clarity"":20.0,""round_number"":0.0,""pdh_pdl"":0.0,""session_timing"":0.0,""total"":20.0}"
2024-04-17 07:55:00+00:00,XAU/USD,5min,99,SHORT,SETUP_00007,2383.30005,2378.030029,65.0,8,2,4,1.7083,3.085,BSL_SESSION_HIGH,1522,0.537,1.0,MSS_BEARISH,1533,SHORT,0.312,MODERATE,RANGING,BB,2382.72,2382.3,2382.08,2383.23,2380.92,2380.83,35,1.0,1.08,SHORT_BLOCKED_SWEEP_BSL_SESSION_HIGH,-1,-1,,0.0,0.0,0.0,0.0,0,london,NONE,45.0,"{""sweep_depth"":10.0,""displacement"":0.0,""zone_confluence"":0.0,""htf_clarity"":20.0,""round_number"":0.0,""pdh_pdl"":0.0,""session_timing"":15.0,""total"":45.0}"
2024-04-19 08:10:00+00:00,XAU/USD,5min,99,LONG,SETUP_00009,0.0,0.0,0.0,0,0,0,2.7468,0.0,SSL_RANGE_LOW,2079,0.8,1.93,BOS_BULLISH,2085,LONG,0.926,MODERATE_BOS,RANGING,OB,2382.24,2379.44,2382.46,2378.62,2386.31,2392.85,35,1.0,2.7,NO_VALID_RANGE,-1,-1,,0.0,0.0,0.0,0.0,0,london,NONE,55.0,"{""sweep_depth"":20.0,""displacement"":0.0,""zone_confluence"":0.0,""htf_clarity"":20.0,""round_number"":0.0,""pdh_pdl"":0.0,""session_timing"":15.0,""total"":55.0}"
2024-04-19 08:55:00+00:00,XAU/USD,5min,99,LONG,SETUP_00010,0.0,0.0,0.0,0,0,0,2.5217,0.0,SSL_RANGE_LOW,2079,0.8,1.93,BOS_BULLISH,2085,LONG,0.926,MODERATE_BOS,RANGING,BB,2390.2,2383.91,2390.42,2383.15,2397.7,2400.0,20,1.0,1.32,NO_VALID_RANGE,-1,-1,,0.0,0.0,0.0,0.0,0,london,NONE,55.0,"{""sweep_depth"":20.0,""displacement"":0.0,""zone_confluence"":0.0,""htf_clarity"":20.0,""round_number"":0.0,""pdh_pdl"":0.0,""session_timing"":15.0,""total"":55.0}"
2024-04-22 07:20:00+00:00,XAU/USD,5min,99,LONG,SETUP_00011,2367.030029,2359.090088,40.0,16,4,1,2.705,3.013,SSL_RANGE_LOW,2342,0.43,1.0,MSS_BULLISH,2350,LONG,0.746,MODERATE,RANGING,OB,2359.48,2356.69,2359.7,2355.88,2363.53,2374.97,30,1.0,3.99,LONG_BLOCKED_SWEEP_SSL_RANGE_LOW,-1,-1,,0.0,0.0,0.0,0.0,0,london,NONE,35.0,"{""sweep_depth"":0.0,""displacement"":0.0,""zone_confluence"":0.0,""htf_clarity"":20.0,""round_number"":0.0,""pdh_pdl"":0.0,""session_timing"":15.0,""total"":35.0}"
2024-04-22 10:45:00+00:00,XAU/USD,5min,99,LONG,SETUP_00012,0.0,0.0,0.0,0,0,0,1.3457,0.0,SSL_RANGE_LOW,2342,0.43,1.0,MSS_BULLISH,2350,LONG,0.746,MODERATE,RANGING,OB,2356.66,2356.03,2356.88,2355.63,2358.14,2387.86,30,1.0,24.61,NO_VALID_RANGE,-1,-1,,0.0,0.0,0.0,0.0,0,london,NONE,20.0,"{""sweep_depth"":0.0,""displacement"":0.0,""zone_confluence"":0.0,""htf_clarity"":20.0,""round_number"":0.0,""pdh_pdl"":0.0,""session_timing"":0.0,""total"":20.0}"
2024-04-29 11:55:00+00:00,XAU/USD,5min,99,LONG,SETUP_00015,0.0,0.0,0.0,0,0,0,1.6088,0.0,SSL_EQUAL_LOWS,3722,0.751,1.48,BOS_BULLISH,3732,LONG,1.244,MODERATE_BOS,RANGING,OB,2336.84,2336.39,2337.07,2335.91,2338.22,2343.2,35,1.0,5.3,NO_VALID_RANGE,-1,-1,,0.0,0.0,0.0,0.0,0,london,NONE,50.0,"{""sweep_depth"":20.0,""displacement"":10.0,""zone_confluence"":0.0,""htf_clarity"":20.0,""round_number"":0.0,""pdh_pdl"":0.0,""session_timing"":0.0,""total"":50.0}"
2024-05-03 07:25:00+00:00,XAU/USD,5min,99,SHORT,SETUP_00018,2302.53003,2297.90991,70.0,13,2,2,1.6442,3.082,BSL_EQUAL_HIGHS,4812,0.358,0.473,MSS_BEARISH,4821,SHORT,0.595,MODERATE,RANGING,OB,2301.88,2300.94,2300.71,2302.37,2299.06,2293.29,30,1.0,4.48,SHORT_BLOCKED_SWEEP_BSL_EQUAL_HIGHS,-1,-1,,0.0,0.0,0.0,0.0,0,london,NONE,70.0,"{""sweep_depth"":0.0,""displacement"":0.0,""zone_confluence"":15.0,""htf_clarity"":20.0,""round_number"":20.0,""pdh_pdl"":0.0,""session_timing"":15.0,""total"":70.0}"
2024-05-03 07:45:00+00:00,XAU/USD,5min,99,SHORT,SETUP_00019,2302.53003,2297.90991,70.0,17,2,2,1.5238,3.082,BSL_EQUAL_HIGHS,4812,0.358,0.473,MSS_BEARISH,4821,SHORT,0.595,MODERATE,RANGING,OB,2301.88,2300.94,2300.71,2302.34,2299.09,2293.29,30,1.0,4.58,SHORT_BLOCKED_SWEEP_BSL_EQUAL_HIGHS,-1,-1,,0.0,0.0,0.0,0.0,0,london,NONE,70.0,"{""sweep_depth"":0.0,""displacement"":0.0,""zone_confluence"":15.0,""htf_clarity"":20.0,""round_number"":20.0,""pdh_pdl"":0.0,""session_timing"":15.0,""total"":70.0}"
2024-05-03 08:10:00+00:00,XAU/USD,5min,99,SHORT,SETUP_00020,2302.53003,2297.90991,70.0,22,2,2,1.6191,3.082,BSL_EQUAL_HIGHS,4812,0.358,0.473,MSS_BEARISH,4821,SHORT,0.595,MODERATE,RANGING,OB,2301.88,2300.94,2300.71,2302.37,2299.06,2293.29,25,1.0,4.5,SHORT_BLOCKED_SWEEP_BSL_EQUAL_HIGHS,-1,-1,,0.0,0.0,0.0,0.0,0,london,NONE,70.0,"{""sweep_depth"":0.0,""displacement"":0.0,""zone_confluence"":15.0,""htf_clarity"":20.0,""round_number"":20.0,""pdh_pdl"":0.0,""session_timing"":15.0,""total"":70.0}"
2024-05-03 08:20:00+00:00,XAU/USD,5min,99,SHORT,SETUP_00021,2302.53003,2297.90991,70.0,24,2,2,1.4138,3.082,BSL_EQUAL_HIGHS,4812,0.358,0.473,MSS_BEARISH,4821,SHORT,0.595,MODERATE,RANGING,OB,2301.88,2300.94,2300.71,2302.3,2299.13,2293.29,25,1.0,4.67,SHORT_BLOCKED_SWEEP_BSL_EQUAL_HIGHS,-1,-1,,0.0,0.0,0.0,0.0,0,london,NONE,70.0,"{""sweep_depth"":0.0,""displacement"":0.0,""zone_confluence"":15.0,""htf_clarity"":20.0,""round_number"":20.0,""pdh_pdl"":0.0,""session_timing"":15.0,""total"":70.0}"
2024-05-03 08:55:00+00:00,XAU/USD,5min,99,SHORT,SETUP_00022,2302.53003,2297.90991,70.0,31,2,2,1.2868,3.082,BSL_EQUAL_HIGHS,4812,0.358,0.473,MSS_BEARISH,4821,SHORT,0.595,MODERATE,RANGING,OB,2301.88,2300.94,2300.71,2302.27,2299.16,2298.76,35,1.0,1.26,SHORT_BLOCKED_SWEEP_BSL_EQUAL_HIGHS,-1,-1,,0.0,0.0,0.0,0.0,0,london,NONE,70.0,"{""sweep_depth"":0.0,""displacement"":0.0,""zone_confluence"":15.0,""htf_clarity"":20.0,""round_number"":20.0,""pdh_pdl"":0.0,""session_timing"":15.0,""total"":70.0}"
2024-05-03 09:10:00+00:00,XAU/USD,5min,99,SHORT,SETUP_00023,2302.53003,2297.90991,70.0,34,2,2,1.2721,3.082,BSL_EQUAL_HIGHS,4812,0.358,0.473,MSS_BEARISH,4821,SHORT,0.595,MODERATE,RANGING,OB,2301.88,2300.94,2300.71,2302.26,2299.17,2298.76,35,1.0,1.26,SHORT_BLOCKED_SWEEP_BSL_EQUAL_HIGHS,-1,-1,,0.0,0.0,0.0,0.0,0,london,NONE,70.0,"{""sweep_depth"":0.0,""displacement"":0.0,""zone_confluence"":15.0,""htf_clarity"":20.0,""round_number"":20.0,""pdh_pdl"":0.0,""session_timing"":15.0,""total"":70.0}"
2024-05-03 09:30:00+00:00,XAU/USD,5min,99,SHORT,SETUP_00024,2302.53003,2297.90991,70.0,38,2,2,1.1791,3.082,BSL_EQUAL_HIGHS,4812,0.358,0.473,MSS_BEARISH,4821,SHORT,0.595,MODERATE,RANGING,OB,2301.88,2300.94,2300.71,2302.23,2299.2,2298.76,35,1.0,1.29,SHORT_BLOCKED_SWEEP_BSL_EQUAL_HIGHS,-1,-1,,0.0,0.0,0.0,0.0,0,london,NONE,70.0,"{""sweep_depth"":0.0,""displacement"":0.0,""zone_confluence"":15.0,""htf_clarity"":20.0,""round_number"":20.0,""pdh_pdl"":0.0,""session_timing"":15.0,""total"":70.0}"
2024-05-03 10:00:00+00:00,XAU/USD,5min,99,SHORT,SETUP_00025,2302.53003,2297.90991,70.0,44,2,2,1.1929,3.082,BSL_EQUAL_HIGHS,4812,0.358,0.473,MSS_BEARISH,4821,SHORT,0.595,MODERATE,RANGING,OB,2301.88,2300.94,2300.71,2302.24,2299.19,2298.76,35,1.0,1.28,SHORT_BLOCKED_SWEEP_BSL_EQUAL_HIGHS,-1,-1,,0.0,0.0,0.0,0.0,0,london,NONE,55.0,"{""sweep_depth"":0.0,""displacement"":0.0,""zone_confluence"":15.0,""htf_clarity"":20.0,""round_number"":20.0,""pdh_pdl"":0.0,""session_timing"":0.0,""total"":55.0}"
2024-08-14 07:35:00+00:00,XAU/USD,5min,99,LONG,SETUP_00026,2470.31006,2466.47998,55.0,9,4,3,1.5779,2.945,SSL_PDL,5141,0.605,0.83,BOS_BULLISH,5152,LONG,1.455,MODERATE_BOS,RANGING,OB,2467.32,2467.12,2467.54,2466.54,2468.54,2469.01,35,1.0,1.63,MSS_REQUIRED_NOT_MET,-1,-1,,0.0,0.0,0.0,0.0,0,london,NONE,55.0,"{""sweep_depth"":10.0,""displacement"":10.0,""zone_confluence"":0.0,""htf_clarity"":20.0,""round_number"":0.0,""pdh_pdl"":0.0,""session_timing"":15.0,""total"":55.0}"
2024-08-14 08:20:00+00:00,XAU/USD,5min,99,LONG,SETUP_00027,2470.31006,2466.47998,55.0,18,4,3,2.0054,2.945,SSL_PDL,5141,0.605,0.83,BOS_BULLISH,5152,LONG,1.455,MODERATE_BOS,RANGING,OB,2467.32,2467.12,2467.54,2466.52,2468.57,2469.01,35,1.0,1.43,MSS_REQUIRED_NOT_MET,-1,-1,,0.0,0.0,0.0,0.0,0,london,NONE,55.0,"{""sweep_depth"":10.0,""displacement"":10.0,""zone_confluence"":0.0,""htf_clarity"":20.0,""round_number"":0.0,""pdh_pdl"":0.0,""session_timing"":15.0,""total"":55.0}"
2024-08-22 09:45:00+00:00,XAU/USD,5min,99,SHORT,SETUP_00029,0.0,0.0,0.0,0,0,0,1.5556,0.0,BSL_SWING_HIGH,6819,0.481,0.83,MSS_BEARISH,6819,SHORT,0.417,MODERATE,RANGING,OB,2509.18,2507.6,2507.38,2509.65,2505.1,2501.05,35,1.0,2.79,NO_VALID_RANGE,-1,-1,,0.0,0.0,0.0,0.0,0,london,NONE,20.0,"{""sweep_depth"":0.0,""displacement"":0.0,""zone_confluence"":0.0,""htf_clarity"":20.0,""round_number"":0.0,""pdh_pdl"":0.0,""session_timing"":0.0,""total"":20.0}"
2024-08-29 07:25:00+00:00,XAU/USD,5min,99,SHORT,SETUP_00032,2520.72998,2516.97998,50.0,22,1,2,1.2683,2.887,BSL_EQUAL_HIGHS,8183,0.495,0.725,MSS_BEARISH,8185,SHORT,0.409,MODERATE,RANGING,OB,2519.06,2518.11,2517.89,2519.44,2516.33,2511.87,35,1.0,3.87,SHORT_BLOCKED_SWEEP_BSL_EQUAL_HIGHS,-1,-1,,0.0,0.0,0.0,0.0,0,london,NONE,35.0,"{""sweep_depth"":0.0,""displacement"":0.0,""zone_confluence"":0.0,""htf_clarity"":20.0,""round_number"":0.0,""pdh_pdl"":0.0,""session_timing"":15.0,""total"":35.0}"
2024-08-29 08:00:00+00:00,XAU/USD,5min,99,SHORT,SETUP_00033,2520.72998,2516.97998,50.0,29,1,2,1.7681,2.887,BSL_EQUAL_HIGHS,8183,0.495,0.725,MSS_BEARISH,8185,SHORT,0.409,MODERATE,RANGING,OB,2519.06,2518.11,2517.89,2519.59,2516.18,2511.87,35,1.0,3.53,SHORT_BLOCKED_SWEEP_BSL_EQUAL_HIGHS,-1,-1,,0.0,0.0,0.0,0.0,0,london,NONE,35.0,"{""sweep_depth"":0.0,""displacement"":0.0,""zone_confluence"":0.0,""htf_clarity"":20.0,""round_number"":0.0,""pdh_pdl"":0.0,""session_timing"":15.0,""total"":35.0}"
2024-09-02 08:15:00+00:00,XAU/USD,5min,99,SHORT,SETUP_00035,2499.02002,2492.63989,70.0,78,3,2,1.9414,3.086,BSL_RANGE_HIGH,8733,0.231,0.38,MSS_BEARISH,8735,SHORT,0.301,MODERATE,DOWNTREND,OB,2499.44,2499.24,2499.01,2500.02,2498.01,2496.26,35,1.0,2.74,SHORT_BLOCKED_SWEEP_BSL_RANGE_HIGH,-1,-1,,0.0,0.0,0.0,0.0,0,london,NONE,70.0,"{""sweep_depth"":0.0,""displacement"":0.0,""zone_confluence"":15.0,""htf_clarity"":20.0,""round_number"":20.0,""pdh_pdl"":0.0,""session_timing"":15.0,""total"":70.0}"
2024-09-02 09:50:00+00:00,XAU/USD,5min,99,SHORT,SETUP_00036,0.0,0.0,0.0,0,0,0,1.569,0.0,BSL_RANGE_HIGH,8733,0.231,0.38,MSS_BEARISH,8735,SHORT,0.301,MODERATE,DOWNTREND,OB,2499.44,2499.24,2499.01,2500.01,2498.01,2496.26,35,1.0,3.08,NO_VALID_RANGE,-1,-1,,0.0,0.0,0.0,0.0,0,london,NONE,55.0,"{""sweep_depth"":0.0,""displacement"":0.0,""zone_confluence"":15.0,""htf_clarity"":20.0,""round_number"":20.0,""pdh_pdl"":0.0,""session_timing"":0.0,""total"":55.0}"
2024-09-02 10:55:00+00:00,XAU/USD,5min,99,SHORT,SETUP_00037,2503.1001,2498.27002,65.0,20,2,2,1.3673,3.303,BSL_RANGE_HIGH,8733,0.231,0.38,MSS_BEARISH,8735,SHORT,0.301,MODERATE,DOWNTREND,OB,2499.44,2499.24,2499.01,2500.01,2498.01,2496.26,35,1.0,3.3,SHORT_BLOCKED_SWEEP_BSL_RANGE_HIGH,-1,-1,,0.0,0.0,0.0,0.0,0,london,NONE,55.0,"{""sweep_depth"":0.0,""displacement"":0.0,""zone_confluence"":15.0,""htf_clarity"":20.0,""round_number"":20.0,""pdh_pdl"":0.0,""session_timing"":0.0,""total"":55.0}"
2024-09-02 11:20:00+00:00,XAU/USD,5min,99,SHORT,SETUP_00038,2503.1001,2498.27002,65.0,25,2,2,1.2648,3.303,BSL_RANGE_HIGH,8733,0.231,0.38,MSS_BEARISH,8735,SHORT,0.301,MODERATE,RANGING,OB,2499.44,2499.24,2499.01,2500.01,2498.01,2496.26,35,1.0,3.43,SHORT_BLOCKED_SWEEP_BSL_RANGE_HIGH,-1,-1,,0.0,0.0,0.0,0.0,0,london,NONE,55.0,"{""sweep_depth"":0.0,""displacement"":0.0,""zone_confluence"":15.0,""htf_clarity"":20.0,""round_number"":20.0,""pdh_pdl"":0.0,""session_timing"":0.0,""total"":55.0}"
2024-09-02 11:30:00+00:00,XAU/USD,5min,99,SHORT,SETUP_00039,2503.1001,2498.27002,65.0,27,2,2,1.2004,3.303,BSL_RANGE_HIGH,8733,0.231,0.38,MSS_BEARISH,8735,SHORT,0.301,MODERATE,RANGING,OB,2499.44,2499.24,2499.01,2500.01,2498.01,2496.26,35,1.0,3.52,SHORT_BLOCKED_SWEEP_BSL_RANGE_HIGH,-1,-1,,0.0,0.0,0.0,0.0,0,london,NONE,55.0,"{""sweep_depth"":0.0,""displacement"":0.0,""zone_confluence"":15.0,""htf_clarity"":20.0,""round_number"":20.0,""pdh_pdl"":0.0,""session_timing"":0.0,""total"":55.0}"
2024-09-02 11:40:00+00:00,XAU/USD,5min,99,SHORT,SETUP_00040,2503.1001,2498.27002,65.0,29,2,2,1.1074,3.303,BSL_RANGE_HIGH,8733,0.231,0.38,MSS_BEARISH,8735,SHORT,0.301,MODERATE,RANGING,OB,2499.44,2499.24,2499.01,2500.01,2498.01,2496.36,35,1.0,3.5,SHORT_BLOCKED_SWEEP_BSL_RANGE_HIGH,-1,-1,,0.0,0.0,0.0,0.0,0,london,NONE,55.0,"{""sweep_depth"":0.0,""displacement"":0.0,""zone_confluence"":15.0,""htf_clarity"":20.0,""round_number"":20.0,""pdh_pdl"":0.0,""session_timing"":0.0,""total"":55.0}"
2024-09-05 10:40:00+00:00,XAU/USD,5min,99,LONG,SETUP_00041,2516.97998,2513.1001,45.0,26,5,1,1.2857,2.131,SSL_SWING_LOW,9570,0.643,0.79,BOS_BULLISH,9570,LONG,0.659,MODERATE_BOS,RANGING,OB,2515.26,2514.35,2515.49,2513.96,2517.01,2517.02,35,1.0,1.01,MSS_REQUIRED_NOT_MET,-1,-1,,0.0,0.0,0.0,0.0,0,london,NONE,30.0,"{""sweep_depth"":10.0,""displacement"":0.0,""zone_confluence"":0.0,""htf_clarity"":20.0,""round_number"":0.0,""pdh_pdl"":0.0,""session_timing"":0.0,""total"":30.0}"
2024-09-05 10:50:00+00:00,XAU/USD,5min,99,LONG,SETUP_00042,2516.97998,2513.1001,45.0,28,5,1,1.1906,2.131,SSL_SWING_LOW,9570,0.643,0.79,BOS_BULLISH,9570,LONG,0.659,MODERATE_BOS,RANGING,OB,2515.26,2514.35,2515.49,2513.99,2516.98,2520.86,25,1.0,3.6,MSS_REQUIRED_NOT_MET,-1,-1,,0.0,0.0,0.0,0.0,0,london,NONE,30.0,"{""sweep_depth"":10.0,""displacement"":0.0,""zone_confluence"":0.0,""htf_clarity"":20.0,""round_number"":0.0,""pdh_pdl"":0.0,""session_timing"":0.0,""total"":30.0}"
2024-09-05 11:25:00+00:00,XAU/USD,5min,99,LONG,SETUP_00043,2516.97998,2513.1001,45.0,35,5,1,1.3501,2.131,SSL_SWING_LOW,9570,0.643,0.79,BOS_BULLISH,9570,LONG,0.659,MODERATE_BOS,RANGING,OB,2515.26,2514.35,2515.49,2513.95,2517.02,2520.86,25,1.0,3.49,MSS_REQUIRED_NOT_MET,-1,-1,,0.0,0.0,0.0,0.0,0,london,NONE,30.0,"{""sweep_depth"":10.0,""displacement"":0.0,""zone_confluence"":0.0,""htf_clarity"":20.0,""round_number"":0.0,""pdh_pdl"":0.0,""session_timing"":0.0,""total"":30.0}"
2024-09-05 11:40:00+00:00,XAU/USD,5min,99,LONG,SETUP_00044,2516.97998,2513.1001,45.0,38,5,1,1.5458,2.131,SSL_SWING_LOW,9570,0.643,0.79,BOS_BULLISH,9570,LONG,0.659,MODERATE_BOS,RANGING,OB,2514.42,2514.22,2514.64,2513.64,2515.64,2517.02,35,1.0,2.67,MSS_REQUIRED_NOT_MET,-1,-1,,0.0,0.0,0.0,0.0,0,london,NONE,30.0,"{""sweep_depth"":10.0,""displacement"":0.0,""zone_confluence"":0.0,""htf_clarity"":20.0,""round_number"":0.0,""pdh_pdl"":0.0,""session_timing"":0.0,""total"":30.0}"
2024-09-06 07:50:00+00:00,XAU/USD,5min,99,SHORT,SETUP_00045,2520.76001,2518.40991,40.0,39,1,6,1.179,3.097,BSL_SESSION_HIGH,9816,0.625,0.77,BOS_BEARISH,9816,SHORT,0.747,MODERATE_BOS,RANGING,OB,2519.51,2519.06,2518.84,2519.86,2517.81,2515.7,35,1.0,3.04,SHORT_BLOCKED_SWEEP_BSL_SESSION_HIGH,-1,-1,,0.0,0.0,0.0,0.0,0,london,NONE,45.0,"{""sweep_depth"":10.0,""displacement"":0.0,""zone_confluence"":0.0,""htf_clarity"":20.0,""round_number"":0.0,""pdh_pdl"":0.0,""session_timing"":15.0,""total"":45.0}"
2024-09-06 10:00:00+00:00,XAU/USD,5min,99,SHORT,SETUP_00046,2520.27002,2516.56006,75.0,43,5,2,0.9591,3.06,BSL_SESSION_HIGH,9816,0.625,0.77,BOS_BEARISH,9816,SHORT,0.747,MODERATE_BOS,RANGING,OB,2519.51,2519.06,2518.84,2519.84,2517.84,2512.85,45,1.0,6.22,SHORT_BLOCKED_SWEEP_BSL_SESSION_HIGH,-1,-1,,0.0,0.0,0.0,0.0,0,london,NONE,30.0,"{""sweep_depth"":10.0,""displacement"":0.0,""zone_confluence"":0.0,""htf_clarity"":20.0,""round_number"":0.0,""pdh_pdl"":0.0,""session_timing"":0.0,""total"":30.0}"
2024-09-06 10:15:00+00:00,XAU/USD,5min,99,SHORT,SETUP_00047,2520.27002,2516.56006,75.0,46,5,2,1.156,3.06,BSL_SESSION_HIGH,9816,0.625,0.77,BOS_BEARISH,9816,SHORT,0.747,MODERATE_BOS,RANGING,OB,2519.51,2519.06,2518.84,2519.86,2517.81,2512.85,50,1.0,5.86,SHORT_BLOCKED_SWEEP_BSL_SESSION_HIGH,-1,-1,,0.0,0.0,0.0,0.0,0,london,NONE,30.0,"{""sweep_depth"":10.0,""displacement"":0.0,""zone_confluence"":0.0,""htf_clarity"":20.0,""round_number"":0.0,""pdh_pdl"":0.0,""session_timing"":0.0,""total"":30.0}"
2024-09-06 10:25:00+00:00,XAU/USD,5min,99,SHORT,SETUP_00048,2520.27002,2516.56006,75.0,48,5,2,1.153,3.06,BSL_SESSION_HIGH,9816,0.625,0.77,BOS_BEARISH,9816,SHORT,0.747,MODERATE_BOS,RANGING,OB,2519.51,2519.06,2518.84,2519.86,2517.81,2512.85,50,1.0,5.86,SHORT_BLOCKED_SWEEP_BSL_SESSION_HIGH,-1,-1,,0.0,0.0,0.0,0.0,0,london,NONE,30.0,"{""sweep_depth"":10.0,""displacement"":0.0,""zone_confluence"":0.0,""htf_clarity"":20.0,""round_number"":0.0,""pdh_pdl"":0.0,""session_timing"":0.0,""total"":30.0}"
2024-09-06 10:55:00+00:00,XAU/USD,5min,99,SHORT,SETUP_00049,2520.27002,2516.56006,75.0,54,5,2,1.1459,3.06,BSL_SESSION_HIGH,9816,0.625,0.77,BOS_BEARISH,9816,SHORT,0.747,MODERATE_BOS,RANGING,OB,2519.51,2519.06,2518.84,2519.85,2517.82,2512.85,50,1.0,5.88,SHORT_BLOCKED_SWEEP_BSL_SESSION_HIGH,-1,-1,,0.0,0.0,0.0,0.0,0,london,NONE,30.0,"{""sweep_depth"":10.0,""displacement"":0.0,""zone_confluence"":0.0,""htf_clarity"":20.0,""round_number"":0.0,""pdh_pdl"":0.0,""session_timing"":0.0,""total"":30.0}"
2024-09-06 11:05:00+00:00,XAU/USD,5min,99,SHORT,SETUP_00050,2520.27002,2516.56006,75.0,56,5,2,1.0593,3.06,BSL_SESSION_HIGH,9816,0.625,0.77,BOS_BEARISH,9816,SHORT,0.747,MODERATE_BOS,RANGING,OB,2519.51,2519.06,2518.84,2519.84,2517.84,2512.85,50,1.0,6.03,SHORT_BLOCKED_SWEEP_BSL_SESSION_HIGH,-1,-1,,0.0,0.0,0.0,0.0,0,london,NONE,30.0,"{""sweep_depth"":10.0,""displacement"":0.0,""zone_confluence"":0.0,""htf_clarity"":20.0,""round_number"":0.0,""pdh_pdl"":0.0,""session_timing"":0.0,""total"":30.0}"
2024-09-06 11:30:00+00:00,XAU/USD,5min,99,SHORT,SETUP_00051,2520.27002,2516.56006,75.0,61,5,2,1.1344,3.06,BSL_SESSION_HIGH,9816,0.625,0.77,BOS_BEARISH,9816,SHORT,0.747,MODERATE_BOS,RANGING,OB,2519.51,2519.06,2518.84,2519.85,2517.82,2512.85,50,1.0,5.89,SHORT_BLOCKED_SWEEP_BSL_SESSION_HIGH,-1,-1,,0.0,0.0,0.0,0.0,0,london,NONE,30.0,"{""sweep_depth"":10.0,""displacement"":0.0,""zone_confluence"":0.0,""htf_clarity"":20.0,""round_number"":0.0,""pdh_pdl"":0.0,""session_timing"":0.0,""total"":30.0}"
2024-12-16 08:10:00+00:00,XAU/USD,5min,99,LONG,SETUP_00052,2655.6499,2649.02002,50.0,85,1,2,1.5405,3.49,SSL_SWING_LOW,10166,0.337,0.39,BOS_BULLISH,10167,LONG,1.238,MODERATE_BOS,RANGING,OB,2653.53,2652.68,2653.76,2652.22,2655.29,2655.8,35,1.0,1.33,MSS_REQUIRED_NOT_MET,-1,-1,,0.0,0.0,0.0,0.0,0,london,NONE,45.0,"{""sweep_depth"":0.0,""displacement"":10.0,""zone_confluence"":0.0,""htf_clarity"":20.0,""round_number"":0.0,""pdh_pdl"":0.0,""session_timing"":15.0,""total"":45.0}"
2024-12-17 08:40:00+00:00,XAU/USD,5min,99,LONG,SETUP_00053,0.0,0.0,0.0,0,0,0,1.9717,0.0,SSL_RANGE_LOW,10435,0.641,1.14,MSS_BULLISH,10436,LONG,0.304,MODERATE,RANGING,OB,2649.79,2647.23,2650.02,2646.64,2653.39,2654.75,35,1.0,1.4,NO_VALID_RANGE,-1,-1,,0.0,0.0,0.0,0.0,0,london,NONE,80.0,"{""sweep_depth"":10.0,""displacement"":0.0,""zone_confluence"":15.0,""htf_clarity"":20.0,""round_number"":20.0,""pdh_pdl"":0.0,""session_timing"":15.0,""total"":80.0}"
2024-12-18 11:45:00+00:00,XAU/USD,5min,99,LONG,SETUP_00055,2649.37988,2647.47998,65.0,19,2,7,0.9823,1.657,SSL_SWING_LOW,10748,0.28,0.36,BOS_BULLISH,10750,LONG,0.323,MODERATE_BOS,RANGING,OB,2646.9,2646.6,2647.12,2646.12,2648.12,2649.32,35,1.0,2.68,MSS_REQUIRED_NOT_MET,-1,-1,,0.0,0.0,0.0,0.0,0,london,NONE,20.0,"{""sweep_depth"":0.0,""displacement"":0.0,""zone_confluence"":0.0,""htf_clarity"":20.0,""round_number"":0.0,""pdh_pdl"":0.0,""session_timing"":0.0,""total"":20.0}"
2024-12-18 11:55:00+00:00,XAU/USD,5min,99,LONG,SETUP_00056,0.0,0.0,0.0,0,0,0,0.9444,0.0,SSL_SWING_LOW,10748,0.28,0.36,BOS_BULLISH,10750,LONG,0.323,MODERATE_BOS,RANGING,BB,2647.19,2646.12,2647.41,2645.84,2648.99,2649.32,35,1.0,1.21,NO_VALID_RANGE,-1,-1,,0.0,0.0,0.0,0.0,0,london,NONE,20.0,"{""sweep_depth"":0.0,""displacement"":0.0,""zone_confluence"":0.0,""htf_clarity"":20.0,""round_number"":0.0,""pdh_pdl"":0.0,""session_timing"":0.0,""total"":20.0}"
2024-12-20 10:50:00+00:00,XAU/USD,5min,99,SHORT,SETUP_00057,2607.56006,2602.31006,40.0,51,3,1,1.3106,3.228,BSL_EQUAL_HIGHS,11303,0.213,0.31,BOS_BEARISH,11303,SHORT,0.562,MODERATE_BOS,RANGING,OB,2606.59,2606.02,2605.8,2606.98,2604.61,2604.43,35,1.0,1.15,SHORT_BLOCKED_SWEEP_BSL_EQUAL_HIGHS,-1,-1,,0.0,0.0,0.0,0.0,0,london,NONE,20.0,"{""sweep_depth"":0.0,""displacement"":0.0,""zone_confluence"":0.0,""htf_clarity"":20.0,""round_number"":0.0,""pdh_pdl"":0.0,""session_timing"":0.0,""total"":20.0}"
2024-12-23 07:15:00+00:00,XAU/USD,5min,99,SHORT,SETUP_00058,2632.92993,2628.19995,70.0,11,2,3,1.6933,2.872,BSL_SWING_HIGH,11527,0.692,0.88,MSS_BEARISH,11539,SHORT,1.065,STRONG,UPTREND,OB,2632.47,2630.36,2630.14,2632.98,2627.29,2621.85,35,1.0,2.91,HTF_NOT_BEARISH,-1,-1,,0.0,0.0,0.0,0.0,0,london,NONE,55.0,"{""sweep_depth"":10.0,""displacement"":10.0,""zone_confluence"":0.0,""htf_clarity"":20.0,""round_number"":0.0,""pdh_pdl"":0.0,""session_timing"":15.0,""total"":55.0}"
2024-12-23 07:25:00+00:00,XAU/USD,5min,99,SHORT,SETUP_00059,2632.92993,2628.19995,70.0,13,2,3,1.5076,2.872,BSL_SWING_HIGH,11527,0.692,0.88,MSS_BEARISH,11539,SHORT,1.065,STRONG,UPTREND,OB,2632.47,2630.36,2630.14,2632.92,2627.35,2621.85,35,1.0,2.97,HTF_NOT_BEARISH,-1,-1,,0.0,0.0,0.0,0.0,0,london,NONE,55.0,"{""sweep_depth"":10.0,""displacement"":10.0,""zone_confluence"":0.0,""htf_clarity"":20.0,""round_number"":0.0,""pdh_pdl"":0.0,""session_timing"":15.0,""total"":55.0}"
2024-12-23 07:35:00+00:00,XAU/USD,5min,99,SHORT,SETUP_00060,2632.92993,2628.19995,70.0,15,2,3,1.4631,2.872,BSL_SWING_HIGH,11527,0.692,0.88,MSS_BEARISH,11539,SHORT,1.065,STRONG,UPTREND,OB,2632.47,2630.36,2630.14,2632.91,2627.36,2621.85,35,1.0,2.99,HTF_NOT_BEARISH,-1,-1,,0.0,0.0,0.0,0.0,0,london,NONE,55.0,"{""sweep_depth"":10.0,""displacement"":10.0,""zone_confluence"":0.0,""htf_clarity"":20.0,""round_number"":0.0,""pdh_pdl"":0.0,""session_timing"":15.0,""total"":55.0}"
2024-12-23 07:45:00+00:00,XAU/USD,5min,99,SHORT,SETUP_00061,2632.92993,2628.19995,70.0,17,2,3,1.3971,2.872,BSL_SWING_HIGH,11527,0.692,0.88,MSS_BEARISH,11539,SHORT,1.065,STRONG,UPTREND,OB,2632.47,2630.36,2630.14,2632.89,2627.38,2621.85,35,1.0,3.01,HTF_NOT_BEARISH,-1,-1,,0.0,0.0,0.0,0.0,0,london,NONE,55.0,"{""sweep_depth"":10.0,""displacement"":10.0,""zone_confluence"":0.0,""htf_clarity"":20.0,""round_number"":0.0,""pdh_pdl"":0.0,""session_timing"":15.0,""total"":55.0}"
2024-12-23 07:55:00+00:00,XAU/USD,5min,99,SHORT,SETUP_00062,2632.92993,2628.19995,70.0,19,2,3,1.364,2.872,BSL_SWING_HIGH,11527,0.692,0.88,MSS_BEARISH,11539,SHORT,1.065,STRONG,UPTREND,OB,2632.47,2630.36,2630.14,2632.88,2627.39,2623.26,35,1.0,2.51,HTF_NOT_BEARISH,-1,-1,,0.0,0.0,0.0,0.0,0,london,NONE,55.0,"{""sweep_depth"":10.0,""displacement"":10.0,""zone_confluence"":0.0,""htf_clarity"":20.0,""round_number"":0.0,""pdh_pdl"":0.0,""session_timing"":15.0,""total"":55.0}"
2024-12-23 08:30:00+00:00,XAU/USD,5min,99,SHORT,SETUP_00063,2632.92993,2628.19995,70.0,26,2,3,1.6404,2.872,BSL_SWING_HIGH,11527,0.692,0.88,MSS_BEARISH,11539,SHORT,1.065,STRONG,UPTREND,OB,2632.47,2630.36,2630.14,2632.96,2627.31,2621.85,35,1.0,2.93,HTF_NOT_BEARISH,-1,-1,,0.0,0.0,0.0,0.0,0,london,NONE,55.0,"{""sweep_depth"":10.0,""displacement"":10.0,""zone_confluence"":0.0,""htf_clarity"":20.0,""round_number"":0.0,""pdh_pdl"":0.0,""session_timing"":15.0,""total"":55.0}"
2024-12-23 08:50:00+00:00,XAU/USD,5min,99,SHORT,SETUP_00064,2632.92993,2628.19995,70.0,30,2,3,1.7079,2.872,BSL_SWING_HIGH,11527,0.692,0.88,MSS_BEARISH,11539,SHORT,1.065,STRONG,UPTREND,OB,2632.47,2630.36,2630.14,2632.98,2627.29,2621.85,35,1.0,2.91,HTF_NOT_BEARISH,-1,-1,,0.0,0.0,0.0,0.0,0,london,NONE,55.0,"{""sweep_depth"":10.0,""displacement"":10.0,""zone_confluence"":0.0,""htf_clarity"":20.0,""round_number"":0.0,""pdh_pdl"":0.0,""session_timing"":15.0,""total"":55.0}"
2024-12-23 09:00:00+00:00,XAU/USD,5min,99,SHORT,SETUP_00065,2632.92993,2628.19995,70.0,32,2,3,1.5813,2.872,BSL_SWING_HIGH,11527,0.692,0.88,MSS_BEARISH,11539,SHORT,1.065,STRONG,UPTREND,OB,2632.47,2630.36,2630.14,2632.94,2627.33,2621.85,35,1.0,2.95,HTF_NOT_BEARISH,-1,-1,,0.0,0.0,0.0,0.0,0,london,NONE,55.0,"{""sweep_depth"":10.0,""displacement"":10.0,""zone_confluence"":0.0,""htf_clarity"":20.0,""round_number"":0.0,""pdh_pdl"":0.0,""session_timing"":15.0,""total"":55.0}"
2024-12-26 08:20:00+00:00,XAU/USD,5min,99,SHORT,SETUP_00066,2628.27002,2624.72998,40.0,36,4,1,1.4137,3.453,BSL_RANGE_HIGH,12053,1.006,1.32,BOS_BEARISH,12055,SHORT,1.192,MODERATE_BOS,RANGING,BB,2628.66,2628.19,2627.96,2629.08,2626.85,2624.88,35,1.0,2.76,SHORT_BLOCKED_SWEEP_BSL_RANGE_HIGH,-1,-1,,0.0,0.0,0.0,0.0,0,london,NONE,80.0,"{""sweep_depth"":35.0,""displacement"":10.0,""zone_confluence"":0.0,""htf_clarity"":20.0,""round_number"":0.0,""pdh_pdl"":0.0,""session_timing"":15.0,""total"":80.0}"
2024-12-26 08:30:00+00:00,XAU/USD,5min,99,SHORT,SETUP_00067,2628.27002,2624.72998,40.0,38,4,1,1.3745,3.453,BSL_RANGE_HIGH,12053,1.006,1.32,BOS_BEARISH,12055,SHORT,1.192,MODERATE_BOS,RANGING,OB,2628.22,2626.6,2626.38,2628.63,2624.12,2621.19,30,1.0,2.3,SHORT_BLOCKED_SWEEP_BSL_RANGE_HIGH,-1,-1,,0.0,0.0,0.0,0.0,0,london,NONE,80.0,"{""sweep_depth"":35.0,""displacement"":10.0,""zone_confluence"":0.0,""htf_clarity"":20.0,""round_number"":0.0,""pdh_pdl"":0.0,""session_timing"":15.0,""total"":80.0}"
2024-12-26 09:00:00+00:00,XAU/USD,5min,99,SHORT,SETUP_00068,2628.27002,2624.72998,40.0,44,4,1,1.2215,3.453,BSL_RANGE_HIGH,12053,1.006,1.32,BOS_BEARISH,12055,SHORT,1.192,MODERATE_BOS,RANGING,OB,2628.22,2626.6,2626.38,2628.59,2624.16,2621.19,30,1.0,2.34,SHORT_BLOCKED_SWEEP_BSL_RANGE_HIGH,-1,-1,,0.0,0.0,0.0,0.0,0,london,NONE,80.0,"{""sweep_depth"":35.0,""displacement"":10.0,""zone_confluence"":0.0,""htf_clarity"":20.0,""round_number"":0.0,""pdh_pdl"":0.0,""session_timing"":15.0,""total"":80.0}"
2024-12-26 09:15:00+00:00,XAU/USD,5min,99,SHORT,SETUP_00069,2628.27002,2624.72998,40.0,47,4,1,1.1568,3.453,BSL_RANGE_HIGH,12053,1.006,1.32,BOS_BEARISH,12055,SHORT,1.192,MODERATE_BOS,RANGING,OB,2628.22,2626.6,2626.38,2628.57,2624.18,2621.19,30,1.0,2.37,SHORT_BLOCKED_SWEEP_BSL_RANGE_HIGH,-1,-1,,0.0,0.0,0.0,0.0,0,london,NONE,80.0,"{""sweep_depth"":35.0,""displacement"":10.0,""zone_confluence"":0.0,""htf_clarity"":20.0,""round_number"":0.0,""pdh_pdl"":0.0,""session_timing"":15.0,""total"":80.0}"
2024-12-26 09:25:00+00:00,XAU/USD,5min,99,SHORT,SETUP_00070,2628.27002,2624.72998,40.0,49,4,1,1.0609,3.453,BSL_RANGE_HIGH,12053,1.006,1.32,BOS_BEARISH,12055,SHORT,1.192,MODERATE_BOS,RANGING,OB,2628.22,2626.6,2626.38,2628.54,2624.21,2621.19,30,1.0,2.4,SHORT_BLOCKED_SWEEP_BSL_RANGE_HIGH,-1,-1,,0.0,0.0,0.0,0.0,0,london,NONE,80.0,"{""sweep_depth"":35.0,""displacement"":10.0,""zone_confluence"":0.0,""htf_clarity"":20.0,""round_number"":0.0,""pdh_pdl"":0.0,""session_timing"":15.0,""total"":80.0}"
2024-12-26 09:55:00+00:00,XAU/USD,5min,99,SHORT,SETUP_00071,2628.27002,2624.72998,40.0,55,4,1,0.9691,3.453,BSL_RANGE_HIGH,12053,1.006,1.32,BOS_BEARISH,12055,SHORT,1.192,MODERATE_BOS,RANGING,OB,2628.22,2626.6,2626.38,2628.51,2624.24,2621.19,30,1.0,2.43,SHORT_BLOCKED_SWEEP_BSL_RANGE_HIGH,-1,-1,,0.0,0.0,0.0,0.0,0,london,NONE,65.0,"{""sweep_depth"":35.0,""displacement"":10.0,""zone_confluence"":0.0,""htf_clarity"":20.0,""round_number"":0.0,""pdh_pdl"":0.0,""session_timing"":0.0,""total"":65.0}"
2024-12-26 10:05:00+00:00,XAU/USD,5min,99,SHORT,SETUP_00072,2628.27002,2624.72998,40.0,57,4,1,0.9207,3.453,BSL_RANGE_HIGH,12053,1.006,1.32,BOS_BEARISH,12055,SHORT,1.192,MODERATE_BOS,RANGING,OB,2628.22,2626.6,2626.38,2628.5,2624.25,2621.19,30,1.0,2.44,SHORT_BLOCKED_SWEEP_BSL_RANGE_HIGH,-1,-1,,0.0,0.0,0.0,0.0,0,london,NONE,65.0,"{""sweep_depth"":35.0,""displacement"":10.0,""zone_confluence"":0.0,""htf_clarity"":20.0,""round_number"":0.0,""pdh_pdl"":0.0,""session_timing"":0.0,""total"":65.0}"
2024-12-26 10:20:00+00:00,XAU/USD,5min,99,SHORT,SETUP_00073,2628.27002,2624.72998,40.0,60,4,1,0.9805,3.453,BSL_RANGE_HIGH,12053,1.006,1.32,BOS_BEARISH,12055,SHORT,1.192,MODERATE_BOS,RANGING,OB,2628.22,2626.6,2626.38,2628.51,2624.24,2621.19,30,1.0,2.42,SHORT_BLOCKED_SWEEP_BSL_RANGE_HIGH,-1,-1,,0.0,0.0,0.0,0.0,0,london,NONE,65.0,"{""sweep_depth"":35.0,""displacement"":10.0,""zone_confluence"":0.0,""htf_clarity"":20.0,""round_number"":0.0,""pdh_pdl"":0.0,""session_timing"":0.0,""total"":65.0}"
2024-12-26 10:40:00+00:00,XAU/USD,5min,99,SHORT,SETUP_00074,2628.27002,2624.72998,40.0,64,4,1,1.0513,3.453,BSL_RANGE_HIGH,12053,1.006,1.32,BOS_BEARISH,12055,SHORT,1.192,MODERATE_BOS,RANGING,BB,2628.66,2628.19,2627.96,2628.98,2626.95,2625.07,35,1.0,2.87,SHORT_BLOCKED_SWEEP_BSL_RANGE_HIGH,-1,-1,,0.0,0.0,0.0,0.0,0,london,NONE,65.0,"{""sweep_depth"":35.0,""displacement"":10.0,""zone_confluence"":0.0,""htf_clarity"":20.0,""round_number"":0.0,""pdh_pdl"":0.0,""session_timing"":0.0,""total"":65.0}"
2024-12-26 11:45:00+00:00,XAU/USD,5min,99,SHORT,SETUP_00075,2630.060059,2626.76001,65.0,25,2,4,0.9109,3.13,BSL_RANGE_HIGH,12053,1.006,1.32,BOS_BEARISH,12055,SHORT,1.192,MODERATE_BOS,RANGING,BB,2628.66,2628.19,2627.96,2628.96,2626.96,2625.07,35,1.0,2.99,SHORT_BLOCKED_SWEEP_BSL_RANGE_HIGH,-1,-1,,0.0,0.0,0.0,0.0,0,london,NONE,65.0,"{""sweep_depth"":35.0,""displacement"":10.0,""zone_confluence"":0.0,""htf_clarity"":20.0,""round_number"":0.0,""pdh_pdl"":0.0,""session_timing"":0.0,""total"":65.0}"
2024-12-26 11:55:00+00:00,XAU/USD,5min,99,SHORT,SETUP_00076,2630.060059,2626.76001,65.0,27,2,4,0.8762,3.13,BSL_RANGE_HIGH,12053,1.006,1.32,BOS_BEARISH,12055,SHORT,1.192,MODERATE_BOS,RANGING,OB,2628.22,2626.6,2626.38,2628.48,2624.27,2623.46,30,1.0,1.38,SHORT_BLOCKED_SWEEP_BSL_RANGE_HIGH,-1,-1,,0.0,0.0,0.0,0.0,0,london,NONE,65.0,"{""sweep_depth"":35.0,""displacement"":10.0,""zone_confluence"":0.0,""htf_clarity"":20.0,""round_number"":0.0,""pdh_pdl"":0.0,""session_timing"":0.0,""total"":65.0}"
2024-12-30 07:20:00+00:00,XAU/USD,5min,99,SHORT,SETUP_00078,2621.23999,2617.02002,40.0,8,1,1,1.2957,3.257,BSL_SWING_HIGH,12592,0.504,0.58,BOS_BEARISH,12603,SHORT,0.794,MODERATE_BOS,RANGING,OB,2619.45,2619.12,2618.9,2619.9,2617.9,2612.8,30,1.0,6.46,MSS_REQUIRED_NOT_MET,-1,-1,,0.0,0.0,0.0,0.0,0,london,NONE,45.0,"{""sweep_depth"":10.0,""displacement"":0.0,""zone_confluence"":0.0,""htf_clarity"":20.0,""round_number"":0.0,""pdh_pdl"":0.0,""session_timing"":15.0,""total"":45.0}"
2024-12-30 07:30:00+00:00,XAU/USD,5min,99,SHORT,SETUP_00079,2621.23999,2617.02002,40.0,10,1,1,1.2084,3.257,BSL_SWING_HIGH,12592,0.504,0.58,BOS_BEARISH,12603,SHORT,0.794,MODERATE_BOS,RANGING,OB,2619.45,2619.12,2618.9,2619.9,2617.9,2612.8,30,1.0,6.64,MSS_REQUIRED_NOT_MET,-1,-1,,0.0,0.0,0.0,0.0,0,london,NONE,45.0,"{""sweep_depth"":10.0,""displacement"":0.0,""zone_confluence"":0.0,""htf_clarity"":20.0,""round_number"":0.0,""pdh_pdl"":0.0,""session_timing"":15.0,""total"":45.0}"
2025-01-02 08:25:00+00:00,XAU/USD,5min,99,LONG,SETUP_00080,2635.38989,2631.43994,70.0,32,2,2,1.4712,3.472,SSL_SWING_LOW,13146,0.276,0.3,BOS_BULLISH,13165,LONG,1.174,MODERATE_BOS,UPTREND,BB,2633.5,2633.3,2633.73,2632.73,2634.73,2634.61,35,1.0,1.02,MSS_REQUIRED_NOT_MET,-1,-1,,0.0,0.0,0.0,0.0,0,london,NONE,45.0,"{""sweep_depth"":0.0,""displacement"":10.0,""zone_confluence"":0.0,""htf_clarity"":20.0,""round_number"":0.0,""pdh_pdl"":0.0,""session_timing"":15.0,""total"":45.0}"
2025-01-02 08:35:00+00:00,XAU/USD,5min,99,LONG,SETUP_00081,2635.38989,2631.43994,70.0,34,2,2,1.5313,3.472,SSL_SWING_LOW,13146,0.276,0.3,BOS_BULLISH,13165,LONG,1.174,MODERATE_BOS,UPTREND,OB,2633.81,2633.61,2634.03,2633.03,2635.03,2636.52,35,1.0,2.8,MSS_REQUIRED_NOT_MET,-1,-1,,0.0,0.0,0.0,0.0,0,london,NONE,45.0,"{""sweep_depth"":0.0,""displacement"":10.0,""zone_confluence"":0.0,""htf_clarity"":20.0,""round_number"":0.0,""pdh_pdl"":0.0,""session_timing"":15.0,""total"":45.0}"
2025-01-02 10:05:00+00:00,XAU/USD,5min,99,LONG,SETUP_00082,2640.070068,2635.48999,65.0,16,3,3,1.7536,2.624,SSL_SWING_LOW,13146,0.276,0.3,BOS_BULLISH,13165,LONG,1.174,MODERATE_BOS,UPTREND,OB,2633.81,2633.61,2634.03,2633.03,2635.03,2636.52,35,1.0,2.61,MSS_REQUIRED_NOT_MET,-1,-1,,0.0,0.0,0.0,0.0,0,london,NONE,30.0,"{""sweep_depth"":0.0,""displacement"":10.0,""zone_confluence"":0.0,""htf_clarity"":20.0,""round_number"":0.0,""pdh_pdl"":0.0,""session_timing"":0.0,""total"":30.0}"
2025-01-06 09:00:00+00:00,XAU/USD,5min,99,LONG,SETUP_00083,2631.52002,2625.52002,55.0,20,3,5,2.0795,3.228,SSL_SWING_LOW,13705,0.467,0.61,MSS_BULLISH,13706,LONG,0.407,MODERATE,DOWNTREND,OB,2631.91,2631.35,2632.13,2630.73,2633.54,2642.45,35,1.0,7.32,HTF_NOT_BULLISH,-1,-1,,0.0,0.0,0.0,0.0,0,london,NONE,35.0,"{""sweep_depth"":0.0,""displacement"":0.0,""zone_confluence"":0.0,""htf_clarity"":20.0,""round_number"":0.0,""pdh_pdl"":0.0,""session_timing"":15.0,""total"":35.0}"
2025-01-07 09:05:00+00:00,XAU/USD,5min,99,SHORT,SETUP_00084,2644.18994,2639.63989,70.0,29,2,5,1.5909,3.097,BSL_SWING_HIGH,13975,0.286,0.38,BOS_BEARISH,13989,SHORT,0.498,MODERATE_BOS,RANGING,OB,2640.86,2640.06,2639.84,2641.34,2638.33,2633.42,35,1.0,4.27,MSS_REQUIRED_NOT_MET,-1,-1,,0.0,0.0,0.0,0.0,0,london,NONE,35.0,"{""sweep_depth"":0.0,""displacement"":0.0,""zone_confluence"":0.0,""htf_clarity"":20.0,""round_number"":0.0,""pdh_pdl"":0.0,""session_timing"":15.0,""total"":35.0}"
2025-01-08 11:20:00+00:00,XAU/USD,5min,99,SHORT,SETUP_00086,2655.12012,2652.52002,65.0,27,2,3,1.0858,2.126,BSL_EQUAL_HIGHS,14303,0.519,0.565,MSS_BEARISH,14307,SHORT,0.726,MODERATE,RANGING,OB,2652.38,2651.94,2651.71,2652.71,2650.71,2650.6,35,1.0,1.12,SHORT_BLOCKED_SWEEP_BSL_EQUAL_HIGHS,-1,-1,,0.0,0.0,0.0,0.0,0,london,NONE,55.0,"{""sweep_depth"":10.0,""displacement"":0.0,""zone_confluence"":15.0,""htf_clarity"":20.0,""round_number"":10.0,""pdh_pdl"":0.0,""session_timing"":0.0,""total"":55.0}"
2025-04-29 11:05:00+00:00,XAU/USD,5min,99,LONG,SETUP_00089,3318.5,3312.1,65.0,28,2,4,2.6673,3.13,SSL_SWING_LOW,15518,0.52,0.9,BOS_BULLISH,15533,LONG,0.698,MODERATE_BOS,RANGING,OB,3319.7,3316.9,3319.93,3316.1,3323.75,3324.0,35,1.0,1.07,MSS_REQUIRED_NOT_MET,-1,-1,,0.0,0.0,0.0,0.0,0,london,NONE,30.0,"{""sweep_depth"":10.0,""displacement"":0.0,""zone_confluence"":0.0,""htf_clarity"":20.0,""round_number"":0.0,""pdh_pdl"":0.0,""session_timing"":0.0,""total"":30.0}"
2025-04-29 11:25:00+00:00,XAU/USD,5min,99,LONG,SETUP_00090,3318.5,3312.1,65.0,32,2,4,2.7242,3.13,SSL_SWING_LOW,15518,0.52,0.9,BOS_BULLISH,15533,LONG,0.698,MODERATE_BOS,RANGING,OB,3319.7,3316.9,3319.93,3316.08,3323.77,3324.0,35,1.0,1.06,MSS_REQUIRED_NOT_MET,-1,-1,,0.0,0.0,0.0,0.0,0,london,NONE,30.0,"{""sweep_depth"":10.0,""displacement"":0.0,""zone_confluence"":0.0,""htf_clarity"":20.0,""round_number"":0.0,""pdh_pdl"":0.0,""session_timing"":0.0,""total"":30.0}"
2025-05-02 07:35:00+00:00,XAU/USD,5min,99,SHORT,SETUP_00094,3258.69,3249.01,80.0,52,3,2,3.6987,3.494,BSL_RANGE_HIGH,16354,0.43,1.46,MSS_BEARISH,16362,SHORT,0.302,MODERATE,RANGING,OB,3261.52,3259.88,3259.65,3262.63,3256.68,3239.33,50,1.0,6.83,SHORT_BLOCKED_SWEEP_BSL_RANGE_HIGH,-1,-1,,0.0,0.0,0.0,0.0,0,london,NONE,35.0,"{""sweep_depth"":0.0,""displacement"":0.0,""zone_confluence"":0.0,""htf_clarity"":20.0,""round_number"":0.0,""pdh_pdl"":0.0,""session_timing"":15.0,""total"":35.0}"
2025-05-02 07:50:00+00:00,XAU/USD,5min,99,SHORT,SETUP_00095,3258.69,3249.01,80.0,55,3,2,3.4979,3.494,BSL_RANGE_HIGH,16354,0.43,1.46,MSS_BEARISH,16362,SHORT,0.302,MODERATE,RANGING,OB,3261.52,3259.88,3259.65,3262.57,3256.74,3239.33,50,1.0,6.97,SHORT_BLOCKED_SWEEP_BSL_RANGE_HIGH,-1,-1,,0.0,0.0,0.0,0.0,0,london,NONE,35.0,"{""sweep_depth"":0.0,""displacement"":0.0,""zone_confluence"":0.0,""htf_clarity"":20.0,""round_number"":0.0,""pdh_pdl"":0.0,""session_timing"":15.0,""total"":35.0}"
2025-05-02 08:05:00+00:00,XAU/USD,5min,99,SHORT,SETUP_00096,3258.69,3249.01,80.0,58,3,2,3.5785,3.494,BSL_RANGE_HIGH,16354,0.43,1.46,MSS_BEARISH,16362,SHORT,0.302,MODERATE,RANGING,OB,3261.52,3259.88,3259.65,3262.59,3256.72,3239.33,50,1.0,6.92,SHORT_BLOCKED_SWEEP_BSL_RANGE_HIGH,-1,-1,,0.0,0.0,0.0,0.0,0,london,NONE,35.0,"{""sweep_depth"":0.0,""displacement"":0.0,""zone_confluence"":0.0,""htf_clarity"":20.0,""round_number"":0.0,""pdh_pdl"":0.0,""session_timing"":15.0,""total"":35.0}"
2025-05-02 08:45:00+00:00,XAU/USD,5min,99,SHORT,SETUP_00097,3258.69,3249.01,80.0,66,3,2,2.7243,3.494,BSL_RANGE_HIGH,16354,0.43,1.46,MSS_BEARISH,16362,SHORT,0.302,MODERATE,RANGING,OB,3261.52,3259.88,3259.65,3262.34,3256.97,3239.33,45,1.0,7.58,SHORT_BLOCKED_SWEEP_BSL_RANGE_HIGH,-1,-1,,0.0,0.0,0.0,0.0,0,london,NONE,35.0,"{""sweep_depth"":0.0,""displacement"":0.0,""zone_confluence"":0.0,""htf_clarity"":20.0,""round_number"":0.0,""pdh_pdl"":0.0,""session_timing"":15.0,""total"":35.0}"
2025-05-02 09:25:00+00:00,XAU/USD,5min,99,SHORT,SETUP_00098,3258.69,3249.01,80.0,74,3,2,2.7476,3.494,BSL_RANGE_HIGH,16354,0.43,1.46,MSS_BEARISH,16362,SHORT,0.302,MODERATE,RANGING,OB,3261.52,3259.88,3259.65,3262.34,3256.97,3239.33,45,1.0,7.56,SHORT_BLOCKED_SWEEP_BSL_RANGE_HIGH,-1,-1,,0.0,0.0,0.0,0.0,0,london,NONE,35.0,"{""sweep_depth"":0.0,""displacement"":0.0,""zone_confluence"":0.0,""htf_clarity"":20.0,""round_number"":0.0,""pdh_pdl"":0.0,""session_timing"":15.0,""total"":35.0}"
2025-05-02 11:05:00+00:00,XAU/USD,5min,99,SHORT,SETUP_00099,3263.21,3255.03,75.0,42,5,2,2.1425,2.964,BSL_RANGE_HIGH,16354,0.43,1.46,MSS_BEARISH,16362,SHORT,0.302,MODERATE,RANGING,OB,3261.52,3259.88,3259.65,3262.16,3257.15,3246.85,50,1.0,5.11,SHORT_BLOCKED_SWEEP_BSL_RANGE_HIGH,-1,-1,,0.0,0.0,0.0,0.0,0,london,NONE,20.0,"{""sweep_depth"":0.0,""displacement"":0.0,""zone_confluence"":0.0,""htf_clarity"":20.0,""round_number"":0.0,""pdh_pdl"":0.0,""session_timing"":0.0,""total"":20.0}"
2025-05-06 07:20:00+00:00,XAU/USD,5min,99,LONG,SETUP_00100,3375.51,3352.13,50.0,57,1,2,4.0303,3.256,SSL_RANGE_LOW,17119,0.439,1.97,BOS_BULLISH,17135,LONG,0.509,MODERATE_BOS,UPTREND,OB,3366.92,3365.08,3367.15,3363.87,3370.42,3398.89,20,1.0,9.7,LONG_BLOCKED_SWEEP_SSL_RANGE_LOW,-1,-1,,0.0,0.0,0.0,0.0,0,london,NONE,35.0,"{""sweep_depth"":0.0,""displacement"":0.0,""zone_confluence"":0.0,""htf_clarity"":20.0,""round_number"":0.0,""pdh_pdl"":0.0,""session_timing"":15.0,""total"":35.0}"
2025-05-07 10:30:00+00:00,XAU/USD,5min,99,SHORT,SETUP_00101,0.0,0.0,0.0,0,0,0,4.3366,0.0,BSL_EQUAL_HIGHS,17430,0.935,3.755,MSS_BEARISH,17430,SHORT,0.825,MODERATE,RANGING,OB,3391.07,3390.27,3390.04,3392.37,3387.72,3369.53,35,1.0,8.82,NO_VALID_RANGE,-1,-1,,0.0,0.0,0.0,0.0,0,london,NONE,40.0,"{""sweep_depth"":20.0,""displacement"":0.0,""zone_confluence"":0.0,""htf_clarity"":20.0,""round_number"":0.0,""pdh_pdl"":0.0,""session_timing"":0.0,""total"":40.0}"
2025-05-07 10:40:00+00:00,XAU/USD,5min,99,SHORT,SETUP_00102,0.0,0.0,0.0,0,0,0,4.1692,0.0,BSL_EQUAL_HIGHS,17430,0.935,3.755,MSS_BEARISH,17430,SHORT,0.825,MODERATE,RANGING,OB,3391.07,3390.27,3390.04,3392.32,3387.77,3369.53,35,1.0,9.01,NO_VALID_RANGE,-1,-1,,0.0,0.0,0.0,0.0,0,london,NONE,40.0,"{""sweep_depth"":20.0,""displacement"":0.0,""zone_confluence"":0.0,""htf_clarity"":20.0,""round_number"":0.0,""pdh_pdl"":0.0,""session_timing"":0.0,""total"":40.0}"
2025-05-07 10:50:00+00:00,XAU/USD,5min,99,SHORT,SETUP_00103,0.0,0.0,0.0,0,0,0,4.0837,0.0,BSL_EQUAL_HIGHS,17430,0.935,3.755,MSS_BEARISH,17430,SHORT,0.825,MODERATE,RANGING,OB,3391.07,3390.27,3390.04,3392.3,3387.79,3369.53,35,1.0,9.12,NO_VALID_RANGE,-1,-1,,0.0,0.0,0.0,0.0,0,london,NONE,40.0,"{""sweep_depth"":20.0,""displacement"":0.0,""zone_confluence"":0.0,""htf_clarity"":20.0,""round_number"":0.0,""pdh_pdl"":0.0,""session_timing"":0.0,""total"":40.0}"
2025-05-07 11:00:00+00:00,XAU/USD,5min,99,SHORT,SETUP_00104,3393.28,3384.04,45.0,9,4,1,4.0091,2.229,BSL_EQUAL_HIGHS,17430,0.935,3.755,MSS_BEARISH,17430,SHORT,0.825,MODERATE,RANGING,OB,3391.07,3390.27,3390.04,3392.27,3387.82,3369.53,35,1.0,9.21,SHORT_BLOCKED_SWEEP_BSL_EQUAL_HIGHS,-1,-1,,0.0,0.0,0.0,0.0,0,london,NONE,40.0,"{""sweep_depth"":20.0,""displacement"":0.0,""zone_confluence"":0.0,""htf_clarity"":20.0,""round_number"":0.0,""pdh_pdl"":0.0,""session_timing"":0.0,""total"":40.0}"
2025-05-09 07:30:00+00:00,XAU/USD,5min,99,LONG,SETUP_00106,3325.25,3312.82,80.0,26,2,3,3.9661,2.899,SSL_SESSION_LOW,17995,0.781,3.11,MSS_BULLISH,17996,LONG,0.322,MODERATE,DOWNTREND,OB,3323.23,3320.95,3323.46,3319.76,3327.15,3337.68,50,1.0,3.85,HTF_NOT_BULLISH,-1,-1,,0.0,0.0,0.0,0.0,0,london,NONE,55.0,"{""sweep_depth"":20.0,""displacement"":0.0,""zone_confluence"":0.0,""htf_clarity"":20.0,""round_number"":0.0,""pdh_pdl"":0.0,""session_timing"":15.0,""total"":55.0}"
2025-05-09 08:10:00+00:00,XAU/USD,5min,99,LONG,SETUP_00107,3325.25,3312.82,80.0,34,2,3,3.51,2.899,SSL_SESSION_LOW,17995,0.781,3.11,MSS_BULLISH,17996,LONG,0.322,MODERATE,DOWNTREND,OB,3323.23,3320.95,3323.46,3319.9,3327.01,3337.68,50,1.0,4.0,HTF_NOT_BULLISH,-1,-1,,0.0,0.0,0.0,0.0,0,london,NONE,55.0,"{""sweep_depth"":20.0,""displacement"":0.0,""zone_confluence"":0.0,""htf_clarity"":20.0,""round_number"":0.0,""pdh_pdl"":0.0,""session_timing"":15.0,""total"":55.0}"
2025-05-09 08:20:00+00:00,XAU/USD,5min,99,LONG,SETUP_00108,3325.25,3312.82,80.0,36,2,3,3.3248,2.899,SSL_SESSION_LOW,17995,0.781,3.11,MSS_BULLISH,17996,LONG,0.322,MODERATE,DOWNTREND,OB,3323.23,3320.95,3323.46,3319.95,3326.96,3337.68,50,1.0,4.06,HTF_NOT_BULLISH,-1,-1,,0.0,0.0,0.0,0.0,0,london,NONE,55.0,"{""sweep_depth"":20.0,""displacement"":0.0,""zone_confluence"":0.0,""htf_clarity"":20.0,""round_number"":0.0,""pdh_pdl"":0.0,""session_timing"":15.0,""total"":55.0}"
2025-05-09 08:30:00+00:00,XAU/USD,5min,99,LONG,SETUP_00109,3325.25,3312.82,80.0,38,2,3,3.1523,2.899,SSL_SESSION_LOW,17995,0.781,3.11,MSS_BULLISH,17996,LONG,0.322,MODERATE,DOWNTREND,OB,3323.23,3320.95,3323.46,3320.0,3326.91,3337.68,45,1.0,4.12,HTF_NOT_BULLISH,-1,-1,,0.0,0.0,0.0,0.0,0,london,NONE,55.0,"{""sweep_depth"":20.0,""displacement"":0.0,""zone_confluence"":0.0,""htf_clarity"":20.0,""round_number"":0.0,""pdh_pdl"":0.0,""session_timing"":15.0,""total"":55.0}"
2025-05-09 08:40:00+00:00,XAU/USD,5min,99,LONG,SETUP_00110,3325.25,3312.82,80.0,40,2,3,2.9863,2.899,SSL_SESSION_LOW,17995,0.781,3.11,MSS_BULLISH,17996,LONG,0.322,MODERATE,DOWNTREND,OB,3323.23,3320.95,3323.46,3320.05,3326.86,3337.68,45,1.0,4.18,HTF_NOT_BULLISH,-1,-1,,0.0,0.0,0.0,0.0,0,london,NONE,55.0,"{""sweep_depth"":20.0,""displacement"":0.0,""zone_confluence"":0.0,""htf_clarity"":20.0,""round_number"":0.0,""pdh_pdl"":0.0,""session_timing"":15.0,""total"":55.0}"
2025-05-09 10:05:00+00:00,XAU/USD,5min,99,LONG,SETUP_00111,3325.25,3312.82,80.0,57,2,3,2.3391,2.899,SSL_SESSION_LOW,17995,0.781,3.11,MSS_BULLISH,17996,LONG,0.322,MODERATE,RANGING,OB,3323.23,3320.95,3323.46,3320.25,3326.66,3337.68,40,1.0,4.44,LONG_BLOCKED_SWEEP_SSL_SESSION_LOW,-1,-1,,0.0,0.0,0.0,0.0,0,london,NONE,40.0,"{""sweep_depth"":20.0,""displacement"":0.0,""zone_confluence"":0.0,""htf_clarity"":20.0,""round_number"":0.0,""pdh_pdl"":0.0,""session_timing"":0.0,""total"":40.0}"
2025-05-09 10:35:00+00:00,XAU/USD,5min,99,LONG,SETUP_00112,3329.29,3322.06,65.0,22,5,2,2.9195,3.107,SSL_SESSION_LOW,17995,0.781,3.11,MSS_BULLISH,17996,LONG,0.322,MODERATE,RANGING,OB,3323.23,3320.95,3323.46,3320.07,3326.84,3329.68,35,1.0,1.84,LONG_BLOCKED_SWEEP_SSL_SESSION_LOW,-1,-1,,0.0,0.0,0.0,0.0,0,london,NONE,40.0,"{""sweep_depth"":20.0,""displacement"":0.0,""zone_confluence"":0.0,""htf_clarity"":20.0,""round_number"":0.0,""pdh_pdl"":0.0,""session_timing"":0.0,""total"":40.0}"
2025-09-03 10:05:00+00:00,XAU/USD,5min,99,LONG,SETUP_00117,3556.25,3550.25,55.0,31,2,5,1.2586,2.956,SSL_EQUAL_LOWS,20766,0.4,0.585,BOS_BULLISH,20777,LONG,0.593,MODERATE_BOS,DOWNTREND,OB,3550.85,3550.65,3551.08,3550.08,3552.08,3556.69,35,1.0,7.0,HTF_NOT_BULLISH,-1,-1,,0.0,0.0,0.0,0.0,0,london,NONE,55.0,"{""sweep_depth"":0.0,""displacement"":0.0,""zone_confluence"":15.0,""htf_clarity"":20.0,""round_number"":20.0,""pdh_pdl"":0.0,""session_timing"":0.0,""total"":55.0}"
2025-09-03 10:15:00+00:00,XAU/USD,5min,99,LONG,SETUP_00118,3556.25,3550.25,55.0,33,2,5,1.2632,2.956,SSL_EQUAL_LOWS,20766,0.4,0.585,BOS_BULLISH,20777,LONG,0.593,MODERATE_BOS,DOWNTREND,OB,3550.85,3550.65,3551.08,3550.08,3552.08,3556.69,35,1.0,6.98,HTF_NOT_BULLISH,-1,-1,,0.0,0.0,0.0,0.0,0,london,NONE,55.0,"{""sweep_depth"":0.0,""displacement"":0.0,""zone_confluence"":15.0,""htf_clarity"":20.0,""round_number"":20.0,""pdh_pdl"":0.0,""session_timing"":0.0,""total"":55.0}"
2025-09-03 10:25:00+00:00,XAU/USD,5min,99,LONG,SETUP_00119,3556.25,3550.25,55.0,35,2,5,1.6283,2.956,SSL_EQUAL_LOWS,20766,0.4,0.585,BOS_BULLISH,20777,LONG,0.593,MODERATE_BOS,DOWNTREND,OB,3550.85,3550.65,3551.08,3550.08,3552.08,3556.69,35,1.0,6.15,HTF_NOT_BULLISH,-1,-1,,0.0,0.0,0.0,0.0,0,london,NONE,55.0,"{""sweep_depth"":0.0,""displacement"":0.0,""zone_confluence"":15.0,""htf_clarity"":20.0,""round_number"":20.0,""pdh_pdl"":0.0,""session_timing"":0.0,""total"":55.0}"
2025-09-04 07:25:00+00:00,XAU/USD,5min,99,LONG,SETUP_00120,3544.73,3538.44,60.0,49,5,1,3.9056,1.97,SSL_SESSION_LOW,21050,0.541,2.57,BOS_BULLISH,21050,LONG,0.6,MODERATE_BOS,DOWNTREND,OB,3547.04,3545.08,3547.27,3543.91,3550.62,3551.02,30,1.0,1.12,HTF_NOT_BULLISH,-1,-1,,0.0,0.0,0.0,0.0,0,london,NONE,45.0,"{""sweep_depth"":10.0,""displacement"":0.0,""zone_confluence"":0.0,""htf_clarity"":20.0,""round_number"":0.0,""pdh_pdl"":0.0,""session_timing"":15.0,""total"":45.0}"
2025-09-04 11:05:00+00:00,XAU/USD,5min,99,LONG,SETUP_00121,3554.77,3543.49,50.0,55,1,2,2.178,3.189,SSL_SESSION_LOW,21050,0.541,2.57,BOS_BULLISH,21050,LONG,0.6,MODERATE_BOS,DOWNTREND,OB,3547.04,3545.08,3547.27,3544.43,3550.1,3554.72,35,1.0,2.63,HTF_NOT_BULLISH,-1,-1,,0.0,0.0,0.0,0.0,0,london,NONE,30.0,"{""sweep_depth"":10.0,""displacement"":0.0,""zone_confluence"":0.0,""htf_clarity"":20.0,""round_number"":0.0,""pdh_pdl"":0.0,""session_timing"":0.0,""total"":30.0}"
2025-09-11 08:55:00+00:00,XAU/USD,5min,99,SHORT,SETUP_00122,3629.08,3624.22,40.0,50,1,3,1.9773,3.359,BSL_SWING_HIGH,22695,0.312,0.67,BOS_BEARISH,22700,SHORT,0.762,MODERATE_BOS,DOWNTREND,OB,3626.8,3625.71,3625.48,3627.39,3623.58,3621.08,35,1.0,2.31,MSS_REQUIRED_NOT_MET,-1,-1,,0.0,0.0,0.0,0.0,0,london,NONE,35.0,"{""sweep_depth"":0.0,""displacement"":0.0,""zone_confluence"":0.0,""htf_clarity"":20.0,""round_number"":0.0,""pdh_pdl"":0.0,""session_timing"":15.0,""total"":35.0}"
2025-09-12 10:05:00+00:00,XAU/USD,5min,99,SHORT,SETUP_00124,3645.45,3640.45,55.0,22,4,2,1.8497,2.919,BSL_PDH,22984,1.617,3.23,BOS_BEARISH,22984,SHORT,3.239,MODERATE_BOS,DOWNTREND,OB,3649.23,3647.78,3647.55,3649.78,3645.33,3641.94,35,1.0,2.52,SHORT_BLOCKED_SWEEP_BSL_PDH,-1,-1,,0.0,0.0,0.0,0.0,0,london,NONE,125.0,"{""sweep_depth"":35.0,""displacement"":35.0,""zone_confluence"":15.0,""htf_clarity"":20.0,""round_number"":20.0,""pdh_pdl"":0.0,""session_timing"":0.0,""total"":125.0}"
2025-09-12 10:40:00+00:00,XAU/USD,5min,99,SHORT,SETUP_00125,0.0,0.0,0.0,0,0,0,1.2421,0.0,BSL_PDH,22984,1.617,3.23,BOS_BEARISH,22984,SHORT,3.239,MODERATE_BOS,DOWNTREND,OB,3649.23,3647.78,3647.55,3649.6,3645.51,3641.94,35,1.0,2.74,NO_VALID_RANGE,-1,-1,,0.0,0.0,0.0,0.0,0,london,NONE,125.0,"{""sweep_depth"":35.0,""displacement"":35.0,""zone_confluence"":15.0,""htf_clarity"":20.0,""round_number"":20.0,""pdh_pdl"":0.0,""session_timing"":0.0,""total"":125.0}"
2025-09-12 11:05:00+00:00,XAU/USD,5min,99,SHORT,SETUP_00126,3650.3,3648.49,65.0,8,5,4,0.9718,1.863,BSL_PDH,22984,1.617,3.23,BOS_BEARISH,22984,SHORT,3.239,MODERATE_BOS,DOWNTREND,OB,3649.23,3647.78,3647.55,3649.52,3645.59,3641.94,35,1.0,2.85,SHORT_BLOCKED_SWEEP_BSL_PDH,-1,-1,,0.0,0.0,0.0,0.0,0,london,NONE,125.0,"{""sweep_depth"":35.0,""displacement"":35.0,""zone_confluence"":15.0,""htf_clarity"":20.0,""round_number"":20.0,""pdh_pdl"":0.0,""session_timing"":0.0,""total"":125.0}"
2025-09-13 08:30:00+00:00,XAU/USD,5min,99,LONG,SETUP_00127,3636.36,3633.87,55.0,17,3,3,1.243,2.59,SSL_SWING_LOW,23255,0.387,0.53,BOS_BULLISH,23268,LONG,1.884,MODERATE_BOS,DOWNTREND,FVG,3635.74,3633.89,3635.97,3633.52,3638.41,3638.85,30,1.0,1.18,HTF_NOT_BULLISH,-1,-1,,0.0,0.0,0.0,0.0,0,london,NONE,70.0,"{""sweep_depth"":0.0,""displacement"":20.0,""zone_confluence"":15.0,""htf_clarity"":20.0,""round_number"":0.0,""pdh_pdl"":0.0,""session_timing"":15.0,""total"":70.0}"
2025-09-13 09:15:00+00:00,XAU/USD,5min,99,LONG,SETUP_00128,0.0,0.0,0.0,0,0,0,1.5047,0.0,SSL_SWING_LOW,23255,0.387,0.53,BOS_BULLISH,23268,LONG,1.884,MODERATE_BOS,DOWNTREND,BB,3635.48,3633.73,3635.71,3633.28,3638.13,3655.89,25,1.0,8.32,HTF_NOT_BULLISH,-1,-1,,0.0,0.0,0.0,0.0,0,london,NONE,55.0,"{""sweep_depth"":0.0,""displacement"":20.0,""zone_confluence"":0.0,""htf_clarity"":20.0,""round_number"":0.0,""pdh_pdl"":0.0,""session_timing"":15.0,""total"":55.0}"
2025-09-13 09:45:00+00:00,XAU/USD,5min,99,LONG,SETUP_00129,0.0,0.0,0.0,0,0,0,1.2755,0.0,SSL_SWING_LOW,23255,0.387,0.53,BOS_BULLISH,23268,LONG,1.884,MODERATE_BOS,DOWNTREND,FVG,3635.74,3633.89,3635.97,3633.51,3638.42,3655.89,25,1.0,8.11,HTF_NOT_BULLISH,-1,-1,,0.0,0.0,0.0,0.0,0,london,NONE,55.0,"{""sweep_depth"":0.0,""displacement"":20.0,""zone_confluence"":15.0,""htf_clarity"":20.0,""round_number"":0.0,""pdh_pdl"":0.0,""session_timing"":0.0,""total"":55.0}"
2025-09-13 09:55:00+00:00,XAU/USD,5min,99,LONG,SETUP_00130,0.0,0.0,0.0,0,0,0,1.117,0.0,SSL_SWING_LOW,23255,0.387,0.53,BOS_BULLISH,23268,LONG,1.884,MODERATE_BOS,DOWNTREND,OB,3635.74,3634.94,3635.97,3634.6,3637.33,3655.89,25,1.0,14.65,HTF_NOT_BULLISH,-1,-1,,0.0,0.0,0.0,0.0,0,london,NONE,40.0,"{""sweep_depth"":0.0,""displacement"":20.0,""zone_confluence"":0.0,""htf_clarity"":20.0,""round_number"":0.0,""pdh_pdl"":0.0,""session_timing"":0.0,""total"":40.0}"
2025-09-13 10:05:00+00:00,XAU/USD,5min,99,LONG,SETUP_00131,3635.01,3631.93,65.0,8,3,2,1.0157,3.032,SSL_SWING_LOW,23255,0.387,0.53,BOS_BULLISH,23268,LONG,1.884,MODERATE_BOS,DOWNTREND,FVG,3635.74,3633.89,3635.97,3633.59,3638.34,3655.89,25,1.0,8.37,HTF_NOT_BULLISH,-1,-1,,0.0,0.0,0.0,0.0,0,london,NONE,55.0,"{""sweep_depth"":0.0,""displacement"":20.0,""zone_confluence"":15.0,""htf_clarity"":20.0,""round_number"":0.0,""pdh_pdl"":0.0,""session_timing"":0.0,""total"":55.0}"
2025-09-13 10:45:00+00:00,XAU/USD,5min,99,LONG,SETUP_00132,3635.01,3631.93,65.0,16,3,2,1.0041,3.032,SSL_SWING_LOW,23255,0.387,0.53,BOS_BULLISH,23268,LONG,1.884,MODERATE_BOS,DOWNTREND,OB,3635.74,3634.94,3635.97,3634.64,3637.29,3638.09,30,1.0,1.6,HTF_NOT_BULLISH,-1,-1,,0.0,0.0,0.0,0.0,0,london,NONE,40.0,"{""sweep_depth"":0.0,""displacement"":20.0,""zone_confluence"":0.0,""htf_clarity"":20.0,""round_number"":0.0,""pdh_pdl"":0.0,""session_timing"":0.0,""total"":40.0}"
2025-09-13 11:10:00+00:00,XAU/USD,5min,99,LONG,SETUP_00133,3635.01,3631.93,65.0,21,3,2,0.9368,3.032,SSL_SWING_LOW,23255,0.387,0.53,BOS_BULLISH,23268,LONG,1.884,MODERATE_BOS,DOWNTREND,OB,3635.74,3634.94,3635.97,3634.66,3637.27,3638.09,30,1.0,1.63,HTF_NOT_BULLISH,-1,-1,,0.0,0.0,0.0,0.0,0,london,NONE,40.0,"{""sweep_depth"":0.0,""displacement"":20.0,""zone_confluence"":0.0,""htf_clarity"":20.0,""round_number"":0.0,""pdh_pdl"":0.0,""session_timing"":0.0,""total"":40.0}"
2025-09-13 11:30:00+00:00,XAU/USD,5min,99,LONG,SETUP_00134,3635.01,3631.93,65.0,25,3,2,1.6703,3.032,SSL_SWING_LOW,23255,0.387,0.53,BOS_BULLISH,23268,LONG,1.884,MODERATE_BOS,DOWNTREND,FVG,3635.74,3633.89,3635.97,3633.39,3638.54,3655.89,25,1.0,7.73,HTF_NOT_BULLISH,-1,-1,,0.0,0.0,0.0,0.0,0,london,NONE,55.0,"{""sweep_depth"":0.0,""displacement"":20.0,""zone_confluence"":15.0,""htf_clarity"":20.0,""round_number"":0.0,""pdh_pdl"":0.0,""session_timing"":0.0,""total"":55.0}"
2025-09-17 09:20:00+00:00,XAU/USD,5min,99,SHORT,SETUP_00136,3682.11,3675.67,55.0,22,2,2,2.4943,3.116,BSL_EQUAL_HIGHS,24014,0.483,0.98,BOS_BEARISH,24030,SHORT,0.711,MODERATE_BOS,DOWNTREND,OB,3685.98,3683.93,3683.7,3686.73,3680.68,3669.23,25,1.0,4.79,SHORT_BLOCKED_SWEEP_BSL_EQUAL_HIGHS,-1,-1,,0.0,0.0,0.0,0.0,0,london,NONE,35.0,"{""sweep_depth"":0.0,""displacement"":0.0,""zone_confluence"":0.0,""htf_clarity"":20.0,""round_number"":0.0,""pdh_pdl"":0.0,""session_timing"":15.0,""total"":35.0}"
2025-09-19 08:10:00+00:00,XAU/USD,5min,99,SHORT,SETUP_00137,3657.94,3650.72,80.0,22,2,2,1.8782,2.579,BSL_RANGE_HIGH,24610,0.351,0.73,MSS_BEARISH,24610,SHORT,0.385,MODERATE,DOWNTREND,OB,3658.58,3657.95,3657.72,3659.14,3656.31,3643.5,45,1.0,10.03,SHORT_BLOCKED_SWEEP_BSL_RANGE_HIGH,-1,-1,,0.0,0.0,0.0,0.0,0,london,NONE,35.0,"{""sweep_depth"":0.0,""displacement"":0.0,""zone_confluence"":0.0,""htf_clarity"":20.0,""round_number"":0.0,""pdh_pdl"":0.0,""session_timing"":15.0,""total"":35.0}"
2025-09-19 08:25:00+00:00,XAU/USD,5min,99,SHORT,SETUP_00138,3657.94,3650.72,80.0,25,2,2,1.9669,2.579,BSL_RANGE_HIGH,24610,0.351,0.73,MSS_BEARISH,24610,SHORT,0.385,MODERATE,DOWNTREND,OB,3658.58,3657.95,3657.72,3659.17,3656.28,3643.5,45,1.0,9.84,SHORT_BLOCKED_SWEEP_BSL_RANGE_HIGH,-1,-1,,0.0,0.0,0.0,0.0,0,london,NONE,35.0,"{""sweep_depth"":0.0,""displacement"":0.0,""zone_confluence"":0.0,""htf_clarity"":20.0,""round_number"":0.0,""pdh_pdl"":0.0,""session_timing"":15.0,""total"":35.0}"
2025-09-19 11:25:00+00:00,XAU/USD,5min,99,SHORT,SETUP_00139,0.0,0.0,0.0,0,0,0,0.8863,0.0,BSL_RANGE_HIGH,24610,0.351,0.73,MSS_BEARISH,24610,SHORT,0.385,MODERATE,DOWNTREND,OB,3658.13,3656.88,3656.65,3658.4,3654.91,3638.08,25,1.0,10.67,NO_VALID_RANGE,-1,-1,,0.0,0.0,0.0,0.0,0,london,NONE,20.0,"{""sweep_depth"":0.0,""displacement"":0.0,""zone_confluence"":0.0,""htf_clarity"":20.0,""round_number"":0.0,""pdh_pdl"":0.0,""session_timing"":0.0,""total"":20.0}"
2025-09-19 11:35:00+00:00,XAU/USD,5min,99,SHORT,SETUP_00140,0.0,0.0,0.0,0,0,0,1.0493,0.0,BSL_RANGE_HIGH,24610,0.351,0.73,MSS_BEARISH,24610,SHORT,0.385,MODERATE,DOWNTREND,OB,3658.13,3656.88,3656.65,3658.44,3654.87,3638.08,25,1.0,10.38,NO_VALID_RANGE,-1,-1,,0.0,0.0,0.0,0.0,0,london,NONE,20.0,"{""sweep_depth"":0.0,""displacement"":0.0,""zone_confluence"":0.0,""htf_clarity"":20.0,""round_number"":0.0,""pdh_pdl"":0.0,""session_timing"":0.0,""total"":20.0}"
2026-01-09 09:30:00+00:00,XAU/USD,5min,99,SHORT,SETUP_00142,0.0,0.0,0.0,0,0,0,2.557,0.0,BSL_SWING_HIGH,25207,0.767,2.035,MSS_BEARISH,25207,SHORT,0.917,MODERATE,RANGING,OB,4474.84,4474.64,4474.42,4475.61,4473.22,4444.81,30,1.0,24.83,NO_VALID_RANGE,-1,-1,,0.0,0.0,0.0,0.0,0,london,NONE,55.0,"{""sweep_depth"":20.0,""displacement"":0.0,""zone_confluence"":0.0,""htf_clarity"":20.0,""round_number"":0.0,""pdh_pdl"":0.0,""session_timing"":15.0,""total"":55.0}"
2026-01-13 08:40:00+00:00,XAU/USD,5min,99,SHORT,SETUP_00144,0.0,0.0,0.0,0,0,0,3.3142,0.0,BSL_SWING_HIGH,26329,0.385,1.426,MSS_BEARISH,26341,SHORT,0.878,MODERATE,RANGING,BB,4595.92,4593.24,4593.01,4596.91,4589.12,4578.24,35,1.0,3.79,NO_VALID_RANGE,-1,-1,,0.0,0.0,0.0,0.0,0,london,NONE,35.0,"{""sweep_depth"":0.0,""displacement"":0.0,""zone_confluence"":0.0,""htf_clarity"":20.0,""round_number"":0.0,""pdh_pdl"":0.0,""session_timing"":15.0,""total"":35.0}"
2026-01-13 08:50:00+00:00,XAU/USD,5min,99,SHORT,SETUP_00145,0.0,0.0,0.0,0,0,0,2.9434,0.0,BSL_SWING_HIGH,26329,0.385,1.426,MSS_BEARISH,26341,SHORT,0.878,MODERATE,RANGING,BB,4595.92,4593.24,4593.01,4596.8,4589.23,4578.24,35,1.0,3.9,NO_VALID_RANGE,-1,-1,,0.0,0.0,0.0,0.0,0,london,NONE,35.0,"{""sweep_depth"":0.0,""displacement"":0.0,""zone_confluence"":0.0,""htf_clarity"":20.0,""round_number"":0.0,""pdh_pdl"":0.0,""session_timing"":15.0,""total"":35.0}"
2026-01-13 09:00:00+00:00,XAU/USD,5min,99,SHORT,SETUP_00146,0.0,0.0,0.0,0,0,0,2.8689,0.0,BSL_SWING_HIGH,26329,0.385,1.426,MSS_BEARISH,26341,SHORT,0.878,MODERATE,RANGING,BB,4595.92,4593.24,4593.01,4596.78,4589.25,4578.24,35,1.0,3.93,NO_VALID_RANGE,-1,-1,,0.0,0.0,0.0,0.0,0,london,NONE,35.0,"{""sweep_depth"":0.0,""displacement"":0.0,""zone_confluence"":0.0,""htf_clarity"":20.0,""round_number"":0.0,""pdh_pdl"":0.0,""session_timing"":15.0,""total"":35.0}"
2026-01-14 07:30:00+00:00,XAU/USD,5min,99,SHORT,SETUP_00148,4635.51543,4621.00045,80.0,19,4,2,3.4511,3.443,BSL_RANGE_HIGH,26628,0.294,1.076,MSS_BEARISH,26628,SHORT,0.329,MODERATE,RANGING,OB,4638.81,4637.33,4637.11,4639.84,4634.37,4606.49,45,1.0,11.18,SHORT_BLOCKED_SWEEP_BSL_RANGE_HIGH,-1,-1,,0.0,0.0,0.0,0.0,0,london,NONE,35.0,"{""sweep_depth"":0.0,""displacement"":0.0,""zone_confluence"":0.0,""htf_clarity"":20.0,""round_number"":0.0,""pdh_pdl"":0.0,""session_timing"":15.0,""total"":35.0}"
2026-01-14 07:45:00+00:00,XAU/USD,5min,99,SHORT,SETUP_00149,4635.51543,4621.00045,80.0,22,4,2,3.1888,3.443,BSL_RANGE_HIGH,26628,0.294,1.076,MSS_BEARISH,26628,SHORT,0.329,MODERATE,RANGING,OB,4638.81,4637.33,4637.11,4639.77,4634.45,4606.49,45,1.0,11.51,SHORT_BLOCKED_SWEEP_BSL_RANGE_HIGH,-1,-1,,0.0,0.0,0.0,0.0,0,london,NONE,35.0,"{""sweep_depth"":0.0,""displacement"":0.0,""zone_confluence"":0.0,""htf_clarity"":20.0,""round_number"":0.0,""pdh_pdl"":0.0,""session_timing"":15.0,""total"":35.0}"
2026-01-14 09:30:00+00:00,XAU/USD,5min,99,SHORT,SETUP_00150,4639.01586,4633.56989,75.0,8,4,5,2.4097,2.26,BSL_RANGE_HIGH,26628,0.294,1.076,MSS_BEARISH,26628,SHORT,0.329,MODERATE,RANGING,OB,4638.81,4637.33,4637.11,4639.53,4634.68,4628.12,50,1.0,3.7,SHORT_BLOCKED_SWEEP_BSL_RANGE_HIGH,-1,-1,,0.0,0.0,0.0,0.0,0,london,NONE,35.0,"{""sweep_depth"":0.0,""displacement"":0.0,""zone_confluence"":0.0,""htf_clarity"":20.0,""round_number"":0.0,""pdh_pdl"":0.0,""session_timing"":15.0,""total"":35.0}"
2026-01-15 10:00:00+00:00,XAU/USD,5min,99,SHORT,SETUP_00151,0.0,0.0,0.0,0,0,0,2.5589,0.0,BSL_SWING_HIGH,26923,0.215,0.731,MSS_BEARISH,26923,SHORT,1.319,STRONG,RANGING,OB,4613.24,4609.07,4608.84,4614.01,4603.68,4597.43,35,1.0,2.21,NO_VALID_RANGE,-1,-1,,0.0,0.0,0.0,0.0,0,london,NONE,30.0,"{""sweep_depth"":0.0,""displacement"":10.0,""zone_confluence"":0.0,""htf_clarity"":20.0,""round_number"":0.0,""pdh_pdl"":0.0,""session_timing"":0.0,""total"":30.0}"
2026-01-21 10:25:00+00:00,XAU/USD,5min,99,LONG,SETUP_00154,4869.55738,4855.33843,65.0,29,2,2,3.7893,2.737,SSL_SWING_LOW,28680,1.335,6.318,BOS_BULLISH,28680,LONG,1.346,MODERATE_BOS,UPTREND,OB,4861.54,4860.0,4861.76,4858.87,4864.66,4869.55,35,1.0,2.69,MSS_REQUIRED_NOT_MET,-1,-1,,0.0,0.0,0.0,0.0,0,london,NONE,65.0,"{""sweep_depth"":35.0,""displacement"":10.0,""zone_confluence"":0.0,""htf_clarity"":20.0,""round_number"":0.0,""pdh_pdl"":0.0,""session_timing"":0.0,""total"":65.0}"
2026-01-21 10:35:00+00:00,XAU/USD,5min,99,LONG,SETUP_00155,4869.55738,4855.33843,65.0,31,2,2,3.3637,2.737,SSL_SWING_LOW,28680,1.335,6.318,BOS_BULLISH,28680,LONG,1.346,MODERATE_BOS,UPTREND,OB,4861.54,4860.0,4861.76,4858.99,4864.53,4869.55,35,1.0,2.81,MSS_REQUIRED_NOT_MET,-1,-1,,0.0,0.0,0.0,0.0,0,london,NONE,65.0,"{""sweep_depth"":35.0,""displacement"":10.0,""zone_confluence"":0.0,""htf_clarity"":20.0,""round_number"":0.0,""pdh_pdl"":0.0,""session_timing"":0.0,""total"":65.0}"
2026-01-21 11:50:00+00:00,XAU/USD,5min,99,LONG,SETUP_00156,4869.55738,4855.33843,65.0,46,2,2,3.4033,2.737,SSL_SWING_LOW,28680,1.335,6.318,BOS_BULLISH,28680,LONG,1.346,MODERATE_BOS,UPTREND,OB,4861.54,4860.0,4861.76,4858.98,4864.54,4866.3,35,1.0,1.63,MSS_REQUIRED_NOT_MET,-1,-1,,0.0,0.0,0.0,0.0,0,london,NONE,65.0,"{""sweep_depth"":35.0,""displacement"":10.0,""zone_confluence"":0.0,""htf_clarity"":20.0,""round_number"":0.0,""pdh_pdl"":0.0,""session_timing"":0.0,""total"":65.0}"
2026-01-22 08:40:00+00:00,XAU/USD,5min,99,LONG,SETUP_00157,0.0,0.0,0.0,0,0,0,3.4907,0.0,SSL_SESSION_LOW,28933,0.29,1.087,MSS_BULLISH,28933,LONG,0.781,MODERATE,RANGING,OB,4824.84,4822.5,4825.06,4821.46,4828.66,4828.97,25,1.0,1.08,NO_VALID_RANGE,-1,-1,,0.0,0.0,0.0,0.0,0,london,NONE,35.0,"{""sweep_depth"":0.0,""displacement"":0.0,""zone_confluence"":0.0,""htf_clarity"":20.0,""round_number"":0.0,""pdh_pdl"":0.0,""session_timing"":15.0,""total"":35.0}"
2026-01-23 07:20:00+00:00,XAU/USD,5min,99,SHORT,SETUP_00158,4960.69257,4947.39771,50.0,15,2,1,3.6998,3.302,BSL_PDH,29213,0.254,1.16,MSS_BEARISH,29221,SHORT,0.444,MODERATE,RANGING,OB,4956.89,4953.32,4953.09,4958.0,4948.19,4939.49,35,1.0,2.77,SHORT_BLOCKED_SWEEP_BSL_PDH,-1,-1,,0.0,0.0,0.0,0.0,0,london,NONE,35.0,"{""sweep_depth"":0.0,""displacement"":0.0,""zone_confluence"":0.0,""htf_clarity"":20.0,""round_number"":0.0,""pdh_pdl"":0.0,""session_timing"":15.0,""total"":35.0}"
2026-01-23 07:30:00+00:00,XAU/USD,5min,99,SHORT,SETUP_00159,4960.69257,4947.39771,50.0,17,2,1,3.4872,3.302,BSL_PDH,29213,0.254,1.16,MSS_BEARISH,29221,SHORT,0.444,MODERATE,RANGING,OB,4956.89,4953.32,4953.09,4957.93,4948.25,4939.49,35,1.0,2.81,SHORT_BLOCKED_SWEEP_BSL_PDH,-1,-1,,0.0,0.0,0.0,0.0,0,london,NONE,35.0,"{""sweep_depth"":0.0,""displacement"":0.0,""zone_confluence"":0.0,""htf_clarity"":20.0,""round_number"":0.0,""pdh_pdl"":0.0,""session_timing"":15.0,""total"":35.0}"
2026-01-23 07:40:00+00:00,XAU/USD,5min,99,SHORT,SETUP_00160,4960.69257,4947.39771,50.0,19,2,1,4.0258,3.302,BSL_PDH,29213,0.254,1.16,MSS_BEARISH,29221,SHORT,0.444,MODERATE,RANGING,OB,4956.89,4953.32,4953.09,4958.1,4948.09,4939.49,35,1.0,2.72,SHORT_BLOCKED_SWEEP_BSL_PDH,-1,-1,,0.0,0.0,0.0,0.0,0,london,NONE,35.0,"{""sweep_depth"":0.0,""displacement"":0.0,""zone_confluence"":0.0,""htf_clarity"":20.0,""round_number"":0.0,""pdh_pdl"":0.0,""session_timing"":15.0,""total"":35.0}"
2026-05-18 09:30:00+00:00,XAU/USD,5min,99,SHORT,SETUP_00161,4556.62596,4541.94486,55.0,19,2,5,4.2587,2.969,BSL_EQUAL_HIGHS,31054,0.414,2.146,MSS_BEARISH,31056,SHORT,0.789,MODERATE,RANGING,OB,4546.25,4543.94,4543.72,4547.53,4539.91,4529.89,35,1.0,3.63,SHORT_BLOCKED_SWEEP_BSL_EQUAL_HIGHS,-1,-1,,0.0,0.0,0.0,0.0,0,london,NONE,35.0,"{""sweep_depth"":0.0,""displacement"":0.0,""zone_confluence"":0.0,""htf_clarity"":20.0,""round_number"":0.0,""pdh_pdl"":0.0,""session_timing"":15.0,""total"":35.0}"
2026-05-18 09:40:00+00:00,XAU/USD,5min,99,SHORT,SETUP_00162,4556.62596,4541.94486,55.0,21,2,5,4.452,2.969,BSL_EQUAL_HIGHS,31054,0.414,2.146,MSS_BEARISH,31056,SHORT,0.789,MODERATE,RANGING,OB,4546.25,4543.94,4543.72,4547.59,4539.85,4529.89,35,1.0,3.57,SHORT_BLOCKED_SWEEP_BSL_EQUAL_HIGHS,-1,-1,,0.0,0.0,0.0,0.0,0,london,NONE,20.0,"{""sweep_depth"":0.0,""displacement"":0.0,""zone_confluence"":0.0,""htf_clarity"":20.0,""round_number"":0.0,""pdh_pdl"":0.0,""session_timing"":0.0,""total"":20.0}"
2026-05-18 10:00:00+00:00,XAU/USD,5min,99,SHORT,SETUP_00163,4556.62596,4541.94486,55.0,25,2,5,3.5767,2.969,BSL_EQUAL_HIGHS,31054,0.414,2.146,MSS_BEARISH,31056,SHORT,0.789,MODERATE,RANGING,OB,4546.25,4543.94,4543.72,4547.33,4540.11,4529.89,35,1.0,3.83,SHORT_BLOCKED_SWEEP_BSL_EQUAL_HIGHS,-1,-1,,0.0,0.0,0.0,0.0,0,london,NONE,20.0,"{""sweep_depth"":0.0,""displacement"":0.0,""zone_confluence"":0.0,""htf_clarity"":20.0,""round_number"":0.0,""pdh_pdl"":0.0,""session_timing"":0.0,""total"":20.0}"
2026-05-18 10:50:00+00:00,XAU/USD,5min,99,SHORT,SETUP_00164,4545.63668,4533.65747,55.0,11,3,2,4.978,2.89,BSL_EQUAL_HIGHS,31054,0.414,2.146,MSS_BEARISH,31056,SHORT,0.789,MODERATE,RANGING,OB,4546.25,4543.94,4543.72,4547.75,4539.69,4529.89,35,1.0,3.43,SHORT_BLOCKED_SWEEP_BSL_EQUAL_HIGHS,-1,-1,,0.0,0.0,0.0,0.0,0,london,NONE,20.0,"{""sweep_depth"":0.0,""displacement"":0.0,""zone_confluence"":0.0,""htf_clarity"":20.0,""round_number"":0.0,""pdh_pdl"":0.0,""session_timing"":0.0,""total"":20.0}"
2026-05-21 09:15:00+00:00,XAU/USD,5min,99,SHORT,SETUP_00165,4535.7645,4525.35118,45.0,13,2,1,4.0218,2.286,BSL_RANGE_HIGH,31910,0.238,1.229,MSS_BEARISH,31920,SHORT,0.632,MODERATE,RANGING,BB,4538.48,4536.34,4536.12,4539.69,4532.55,4527.3,35,1.0,2.47,SHORT_BLOCKED_SWEEP_BSL_RANGE_HIGH,-1,-1,,0.0,0.0,0.0,0.0,0,london,NONE,35.0,"{""sweep_depth"":0.0,""displacement"":0.0,""zone_confluence"":0.0,""htf_clarity"":20.0,""round_number"":0.0,""pdh_pdl"":0.0,""session_timing"":15.0,""total"":35.0}"
2026-05-21 09:35:00+00:00,XAU/USD,5min,99,SHORT,SETUP_00166,4535.7645,4525.35118,45.0,17,2,1,4.0192,2.286,BSL_RANGE_HIGH,31910,0.238,1.229,MSS_BEARISH,31920,SHORT,0.632,MODERATE,RANGING,BB,4538.48,4536.34,4536.12,4539.69,4532.55,4527.3,35,1.0,2.47,SHORT_BLOCKED_SWEEP_BSL_RANGE_HIGH,-1,-1,,0.0,0.0,0.0,0.0,0,london,NONE,20.0,"{""sweep_depth"":0.0,""displacement"":0.0,""zone_confluence"":0.0,""htf_clarity"":20.0,""round_number"":0.0,""pdh_pdl"":0.0,""session_timing"":0.0,""total"":20.0}"
2026-05-25 08:30:00+00:00,XAU/USD,5min,99,LONG,SETUP_00169,4565.19424,4553.93933,70.0,25,2,3,3.3226,3.454,SSL_EQUAL_LOWS,33067,1.047,3.376,BOS_BULLISH,33073,LONG,0.539,MODERATE_BOS,RANGING,OB,4555.0,4553.78,4555.23,4552.78,4557.67,4565.54,35,1.0,4.22,MSS_REQUIRED_NOT_MET,-1,-1,,0.0,0.0,0.0,0.0,0,london,NONE,70.0,"{""sweep_depth"":35.0,""displacement"":0.0,""zone_confluence"":0.0,""htf_clarity"":20.0,""round_number"":0.0,""pdh_pdl"":0.0,""session_timing"":15.0,""total"":70.0}"
2026-05-25 08:50:00+00:00,XAU/USD,5min,99,LONG,SETUP_00170,4565.19424,4553.93933,70.0,29,2,3,2.6374,3.454,SSL_EQUAL_LOWS,33067,1.047,3.376,BOS_BULLISH,33073,LONG,0.539,MODERATE_BOS,RANGING,OB,4563.27,4556.28,4563.49,4555.49,4571.5,4576.45,30,1.0,1.62,MSS_REQUIRED_NOT_MET,-1,-1,,0.0,0.0,0.0,0.0,0,london,NONE,70.0,"{""sweep_depth"":35.0,""displacement"":0.0,""zone_confluence"":0.0,""htf_clarity"":20.0,""round_number"":0.0,""pdh_pdl"":0.0,""session_timing"":15.0,""total"":70.0}"
2026-05-25 09:00:00+00:00,XAU/USD,5min,99,LONG,SETUP_00171,4565.19424,4553.93933,70.0,31,2,3,2.4169,3.454,SSL_EQUAL_LOWS,33067,1.047,3.376,BOS_BULLISH,33073,LONG,0.539,MODERATE_BOS,RANGING,OB,4563.27,4556.28,4563.49,4555.56,4571.43,4576.45,30,1.0,1.63,MSS_REQUIRED_NOT_MET,-1,-1,,0.0,0.0,0.0,0.0,0,london,NONE,70.0,"{""sweep_depth"":35.0,""displacement"":0.0,""zone_confluence"":0.0,""htf_clarity"":20.0,""round_number"":0.0,""pdh_pdl"":0.0,""session_timing"":15.0,""total"":70.0}"
2026-05-25 09:10:00+00:00,XAU/USD,5min,99,LONG,SETUP_00172,4565.19424,4553.93933,70.0,33,2,3,2.4155,3.454,SSL_EQUAL_LOWS,33067,1.047,3.376,BOS_BULLISH,33073,LONG,0.539,MODERATE_BOS,RANGING,OB,4563.27,4556.28,4563.49,4555.56,4571.43,4576.45,30,1.0,1.63,MSS_REQUIRED_NOT_MET,-1,-1,,0.0,0.0,0.0,0.0,0,london,NONE,70.0,"{""sweep_depth"":35.0,""displacement"":0.0,""zone_confluence"":0.0,""htf_clarity"":20.0,""round_number"":0.0,""pdh_pdl"":0.0,""session_timing"":15.0,""total"":70.0}"
2026-05-25 09:25:00+00:00,XAU/USD,5min,99,LONG,SETUP_00173,4565.19424,4553.93933,70.0,36,2,3,2.2445,3.454,SSL_EQUAL_LOWS,33067,1.047,3.376,BOS_BULLISH,33073,LONG,0.539,MODERATE_BOS,RANGING,OB,4563.27,4556.28,4563.49,4555.61,4571.38,4576.45,30,1.0,1.64,MSS_REQUIRED_NOT_MET,-1,-1,,0.0,0.0,0.0,0.0,0,london,NONE,70.0,"{""sweep_depth"":35.0,""displacement"":0.0,""zone_confluence"":0.0,""htf_clarity"":20.0,""round_number"":0.0,""pdh_pdl"":0.0,""session_timing"":15.0,""total"":70.0}"
2026-05-25 09:35:00+00:00,XAU/USD,5min,99,LONG,SETUP_00174,4565.19424,4553.93933,70.0,38,2,3,2.8658,3.454,SSL_EQUAL_LOWS,33067,1.047,3.376,BOS_BULLISH,33073,LONG,0.539,MODERATE_BOS,RANGING,OB,4563.27,4556.28,4563.49,4555.42,4571.56,4579.57,35,1.0,1.99,MSS_REQUIRED_NOT_MET,-1,-1,,0.0,0.0,0.0,0.0,0,london,NONE,55.0,"{""sweep_depth"":35.0,""displacement"":0.0,""zone_confluence"":0.0,""htf_clarity"":20.0,""round_number"":0.0,""pdh_pdl"":0.0,""session_timing"":0.0,""total"":55.0}"
2026-05-26 07:30:00+00:00,XAU/USD,5min,99,SHORT,SETUP_00175,4534.65619,4523.89618,40.0,36,1,2,4.5256,3.286,BSL_RANGE_HIGH,33349,0.853,3.325,BOS_BEARISH,33358,SHORT,1.399,MODERATE_BOS,UPTREND,OB,4531.61,4529.99,4529.76,4532.97,4526.55,4524.49,35,1.0,1.64,HTF_NOT_BEARISH,-1,-1,,0.0,0.0,0.0,0.0,0,london,NONE,65.0,"{""sweep_depth"":20.0,""displacement"":10.0,""zone_confluence"":0.0,""htf_clarity"":20.0,""round_number"":0.0,""pdh_pdl"":0.0,""session_timing"":15.0,""total"":65.0}"
2026-05-26 08:10:00+00:00,XAU/USD,5min,99,SHORT,SETUP_00176,4534.65619,4523.89618,40.0,44,1,2,4.9303,3.286,BSL_RANGE_HIGH,33349,0.853,3.325,BOS_BEARISH,33358,SHORT,1.399,MODERATE_BOS,UPTREND,OB,4531.61,4529.99,4529.76,4533.09,4526.43,4524.49,35,1.0,1.58,HTF_NOT_BEARISH,-1,-1,,0.0,0.0,0.0,0.0,0,london,NONE,65.0,"{""sweep_depth"":20.0,""displacement"":10.0,""zone_confluence"":0.0,""htf_clarity"":20.0,""round_number"":0.0,""pdh_pdl"":0.0,""session_timing"":15.0,""total"":65.0}"
2026-05-26 10:35:00+00:00,XAU/USD,5min,99,SHORT,SETUP_00177,0.0,0.0,0.0,0,0,0,4.7313,0.0,BSL_RANGE_HIGH,33349,0.853,3.325,BOS_BEARISH,33358,SHORT,1.399,MODERATE_BOS,UPTREND,BB,4534.91,4533.02,4532.79,4536.33,4529.25,4524.49,35,1.0,2.35,HTF_NOT_BEARISH,-1,-1,,0.0,0.0,0.0,0.0,0,london,NONE,50.0,"{""sweep_depth"":20.0,""displacement"":10.0,""zone_confluence"":0.0,""htf_clarity"":20.0,""round_number"":0.0,""pdh_pdl"":0.0,""session_timing"":0.0,""total"":50.0}"
2026-05-26 11:10:00+00:00,XAU/USD,5min,99,SHORT,SETUP_00178,4540.08899,4531.55746,45.0,9,1,5,3.8683,2.139,BSL_RANGE_HIGH,33349,0.853,3.325,BOS_BEARISH,33358,SHORT,1.399,MODERATE_BOS,UPTREND,BB,4534.91,4533.02,4532.79,4536.07,4529.51,4524.49,35,1.0,2.53,HTF_NOT_BEARISH,-1,-1,,0.0,0.0,0.0,0.0,0,london,NONE,50.0,"{""sweep_depth"":20.0,""displacement"":10.0,""zone_confluence"":0.0,""htf_clarity"":20.0,""round_number"":0.0,""pdh_pdl"":0.0,""session_timing"":0.0,""total"":50.0}"
2026-05-26 11:20:00+00:00,XAU/USD,5min,99,SHORT,SETUP_00179,0.0,0.0,0.0,0,0,0,3.9866,0.0,BSL_RANGE_HIGH,33349,0.853,3.325,BOS_BEARISH,33358,SHORT,1.399,MODERATE_BOS,UPTREND,OB,4531.61,4529.99,4529.76,4532.8,4526.72,4524.49,35,1.0,1.73,HTF_NOT_BEARISH,-1,-1,,0.0,0.0,0.0,0.0,0,london,NONE,50.0,"{""sweep_depth"":20.0,""displacement"":10.0,""zone_confluence"":0.0,""htf_clarity"":20.0,""round_number"":0.0,""pdh_pdl"":0.0,""session_timing"":0.0,""total"":50.0}"
2026-06-04 08:10:00+00:00,XAU/USD,5min,99,SHORT,SETUP_00181,4476.87693,4460.3033,80.0,28,3,2,4.2235,3.465,BSL_SWING_HIGH,35477,0.518,2.308,BOS_BEARISH,35485,SHORT,0.302,MODERATE_BOS,RANGING,OB,4467.29,4465.03,4464.8,4468.55,4461.05,4443.73,50,1.0,5.62,MSS_REQUIRED_NOT_MET,-1,-1,,0.0,0.0,0.0,0.0,0,london,NONE,45.0,"{""sweep_depth"":10.0,""displacement"":0.0,""zone_confluence"":0.0,""htf_clarity"":20.0,""round_number"":0.0,""pdh_pdl"":0.0,""session_timing"":15.0,""total"":45.0}"
2026-06-04 08:20:00+00:00,XAU/USD,5min,99,SHORT,SETUP_00182,4476.87693,4460.3033,80.0,30,3,2,4.654,3.465,BSL_SWING_HIGH,35477,0.518,2.308,BOS_BEARISH,35485,SHORT,0.302,MODERATE_BOS,RANGING,OB,4467.29,4465.03,4464.8,4468.68,4460.92,4443.73,50,1.0,5.43,MSS_REQUIRED_NOT_MET,-1,-1,,0.0,0.0,0.0,0.0,0,london,NONE,45.0,"{""sweep_depth"":10.0,""displacement"":0.0,""zone_confluence"":0.0,""htf_clarity"":20.0,""round_number"":0.0,""pdh_pdl"":0.0,""session_timing"":15.0,""total"":45.0}"
2026-06-04 08:35:00+00:00,XAU/USD,5min,99,SHORT,SETUP_00183,4476.87693,4460.3033,80.0,33,3,2,4.9434,3.465,BSL_SWING_HIGH,35477,0.518,2.308,BOS_BEARISH,35485,SHORT,0.302,MODERATE_BOS,RANGING,OB,4467.29,4465.03,4464.8,4468.77,4460.84,4443.73,50,1.0,5.31,MSS_REQUIRED_NOT_MET,-1,-1,,0.0,0.0,0.0,0.0,0,london,NONE,45.0,"{""sweep_depth"":10.0,""displacement"":0.0,""zone_confluence"":0.0,""htf_clarity"":20.0,""round_number"":0.0,""pdh_pdl"":0.0,""session_timing"":15.0,""total"":45.0}"
2026-06-04 09:10:00+00:00,XAU/USD,5min,99,SHORT,SETUP_00184,4476.87693,4460.3033,80.0,40,3,2,4.4937,3.465,BSL_SWING_HIGH,35477,0.518,2.308,BOS_BEARISH,35485,SHORT,0.302,MODERATE_BOS,RANGING,OB,4467.29,4465.03,4464.8,4468.63,4460.97,4443.73,50,1.0,5.5,MSS_REQUIRED_NOT_MET,-1,-1,,0.0,0.0,0.0,0.0,0,london,NONE,45.0,"{""sweep_depth"":10.0,""displacement"":0.0,""zone_confluence"":0.0,""htf_clarity"":20.0,""round_number"":0.0,""pdh_pdl"":0.0,""session_timing"":15.0,""total"":45.0}"
2026-06-04 10:20:00+00:00,XAU/USD,5min,99,SHORT,SETUP_00185,4476.87693,4460.3033,80.0,54,3,2,3.7862,3.465,BSL_SWING_HIGH,35477,0.518,2.308,BOS_BEARISH,35485,SHORT,0.302,MODERATE_BOS,RANGING,OB,4467.29,4465.03,4464.8,4468.42,4461.18,4443.73,50,1.0,5.82,MSS_REQUIRED_NOT_MET,-1,-1,,0.0,0.0,0.0,0.0,0,london,NONE,30.0,"{""sweep_depth"":10.0,""displacement"":0.0,""zone_confluence"":0.0,""htf_clarity"":20.0,""round_number"":0.0,""pdh_pdl"":0.0,""session_timing"":0.0,""total"":30.0}"
2026-06-05 09:10:00+00:00,XAU/USD,5min,99,LONG,SETUP_00187,4467.07764,4456.32946,45.0,24,3,1,3.1512,2.443,SSL_SWING_LOW,35776,0.273,1.177,BOS_BULLISH,35781,LONG,0.632,MODERATE_BOS,RANGING,OB,4460.26,4459.87,4460.49,4458.92,4462.05,4467.01,35,1.0,4.17,MSS_REQUIRED_NOT_MET,-1,-1,,0.0,0.0,0.0,0.0,0,london,NONE,35.0,"{""sweep_depth"":0.0,""displacement"":0.0,""zone_confluence"":0.0,""htf_clarity"":20.0,""round_number"":0.0,""pdh_pdl"":0.0,""session_timing"":15.0,""total"":35.0}"
2026-06-11 10:50:00+00:00,XAU/USD,5min,99,LONG,SETUP_00189,4089.05211,4078.30343,65.0,23,3,2,4.1907,2.214,SSL_SWING_LOW,37523,0.618,2.999,MSS_BULLISH,37536,LONG,0.339,MODERATE,DOWNTREND,OB,4091.29,4087.58,4091.52,4086.32,4096.71,4099.8,30,1.0,1.6,HTF_NOT_BULLISH,-1,-1,,0.0,0.0,0.0,0.0,0,london,NONE,30.0,"{""sweep_depth"":10.0,""displacement"":0.0,""zone_confluence"":0.0,""htf_clarity"":20.0,""round_number"":0.0,""pdh_pdl"":0.0,""session_timing"":0.0,""total"":30.0}"
2026-06-11 11:00:00+00:00,XAU/USD,5min,99,LONG,SETUP_00190,4089.05211,4078.30343,65.0,25,3,2,4.1712,2.214,SSL_SWING_LOW,37523,0.618,2.999,MSS_BULLISH,37536,LONG,0.339,MODERATE,DOWNTREND,OB,4091.29,4087.58,4091.52,4086.33,4096.7,4099.8,30,1.0,1.6,HTF_NOT_BULLISH,-1,-1,,0.0,0.0,0.0,0.0,0,london,NONE,30.0,"{""sweep_depth"":10.0,""displacement"":0.0,""zone_confluence"":0.0,""htf_clarity"":20.0,""round_number"":0.0,""pdh_pdl"":0.0,""session_timing"":0.0,""total"":30.0}"
2026-06-11 11:15:00+00:00,XAU/USD,5min,99,LONG,SETUP_00191,4089.05211,4078.30343,65.0,28,3,2,4.2722,2.214,SSL_SWING_LOW,37523,0.618,2.999,MSS_BULLISH,37536,LONG,0.339,MODERATE,DOWNTREND,OB,4091.29,4087.58,4091.52,4086.3,4096.73,4099.8,30,1.0,1.59,HTF_NOT_BULLISH,-1,-1,,0.0,0.0,0.0,0.0,0,london,NONE,30.0,"{""sweep_depth"":10.0,""displacement"":0.0,""zone_confluence"":0.0,""htf_clarity"":20.0,""round_number"":0.0,""pdh_pdl"":0.0,""session_timing"":0.0,""total"":30.0}"
2026-06-17 07:35:00+00:00,XAU/USD,5min,99,LONG,SETUP_00192,4334.26162,4325.1831,50.0,56,7,1,3.3768,3.023,SSL_EQUAL_LOWS,39221,0.203,0.63,BOS_BULLISH,39222,LONG,1.003,MODERATE_BOS,RANGING,OB,4326.35,4325.13,4326.58,4324.12,4329.04,4333.51,35,1.0,2.82,MSS_REQUIRED_NOT_MET,-1,-1,,0.0,0.0,0.0,0.0,0,london,NONE,45.0,"{""sweep_depth"":0.0,""displacement"":10.0,""zone_confluence"":0.0,""htf_clarity"":20.0,""round_number"":0.0,""pdh_pdl"":0.0,""session_timing"":15.0,""total"":45.0}"
2026-06-17 08:00:00+00:00,XAU/USD,5min,99,LONG,SETUP_00193,4334.26162,4325.1831,50.0,61,7,1,3.1571,3.023,SSL_EQUAL_LOWS,39221,0.203,0.63,BOS_BULLISH,39222,LONG,1.003,MODERATE_BOS,RANGING,OB,4326.35,4325.13,4326.58,4324.18,4328.97,4333.27,35,1.0,2.8,MSS_REQUIRED_NOT_MET,-1,-1,,0.0,0.0,0.0,0.0,0,london,NONE,45.0,"{""sweep_depth"":0.0,""displacement"":10.0,""zone_confluence"":0.0,""htf_clarity"":20.0,""round_number"":0.0,""pdh_pdl"":0.0,""session_timing"":15.0,""total"":45.0}"
2026-06-17 08:55:00+00:00,XAU/USD,5min,99,LONG,SETUP_00194,4327.69291,4318.72166,55.0,10,2,3,3.5823,2.793,SSL_EQUAL_LOWS,39221,0.203,0.63,BOS_BULLISH,39222,LONG,1.003,MODERATE_BOS,RANGING,OB,4326.35,4325.13,4326.58,4324.06,4329.1,4333.27,35,1.0,2.65,MSS_REQUIRED_NOT_MET,-1,-1,,0.0,0.0,0.0,0.0,0,london,NONE,45.0,"{""sweep_depth"":0.0,""displacement"":10.0,""zone_confluence"":0.0,""htf_clarity"":20.0,""round_number"":0.0,""pdh_pdl"":0.0,""session_timing"":15.0,""total"":45.0}"
2026-06-17 09:15:00+00:00,XAU/USD,5min,99,LONG,SETUP_00195,4327.69291,4318.72166,55.0,14,2,3,3.318,2.793,SSL_EQUAL_LOWS,39221,0.203,0.63,BOS_BULLISH,39222,LONG,1.003,MODERATE_BOS,RANGING,OB,4326.35,4325.13,4326.58,4324.13,4329.02,4333.27,35,1.0,2.74,MSS_REQUIRED_NOT_MET,-1,-1,,0.0,0.0,0.0,0.0,0,london,NONE,45.0,"{""sweep_depth"":0.0,""displacement"":10.0,""zone_confluence"":0.0,""htf_clarity"":20.0,""round_number"":0.0,""pdh_pdl"":0.0,""session_timing"":15.0,""total"":45.0}"
2026-06-17 09:25:00+00:00,XAU/USD,5min,99,LONG,SETUP_00196,4327.69291,4318.72166,55.0,16,2,3,3.4732,2.793,SSL_EQUAL_LOWS,39221,0.203,0.63,BOS_BULLISH,39222,LONG,1.003,MODERATE_BOS,RANGING,OB,4326.35,4325.13,4326.58,4324.09,4329.07,4333.27,35,1.0,2.69,MSS_REQUIRED_NOT_MET,-1,-1,,0.0,0.0,0.0,0.0,0,london,NONE,45.0,"{""sweep_depth"":0.0,""displacement"":10.0,""zone_confluence"":0.0,""htf_clarity"":20.0,""round_number"":0.0,""pdh_pdl"":0.0,""session_timing"":15.0,""total"":45.0}"
2026-06-17 10:25:00+00:00,XAU/USD,5min,99,LONG,SETUP_00197,4327.69291,4318.72166,55.0,28,2,3,2.6226,2.793,SSL_EQUAL_LOWS,39221,0.203,0.63,BOS_BULLISH,39222,LONG,1.003,MODERATE_BOS,RANGING,OB,4326.35,4325.13,4326.58,4324.34,4328.81,4332.64,35,1.0,2.71,MSS_REQUIRED_NOT_MET,-1,-1,,0.0,0.0,0.0,0.0,0,london,NONE,30.0,"{""sweep_depth"":0.0,""displacement"":10.0,""zone_confluence"":0.0,""htf_clarity"":20.0,""round_number"":0.0,""pdh_pdl"":0.0,""session_timing"":0.0,""total"":30.0}"
2026-06-17 10:35:00+00:00,XAU/USD,5min,99,LONG,SETUP_00198,4327.69291,4318.72166,55.0,30,2,3,2.6873,2.793,SSL_EQUAL_LOWS,39221,0.203,0.63,BOS_BULLISH,39222,LONG,1.003,MODERATE_BOS,RANGING,FVG,4330.24,4329.94,4330.47,4329.14,4331.8,4332.64,35,1.0,1.63,MSS_REQUIRED_NOT_MET,-1,-1,,0.0,0.0,0.0,0.0,0,london,NONE,45.0,"{""sweep_depth"":0.0,""displacement"":10.0,""zone_confluence"":15.0,""htf_clarity"":20.0,""round_number"":0.0,""pdh_pdl"":0.0,""session_timing"":0.0,""total"":45.0}"
2026-06-17 10:45:00+00:00,XAU/USD,5min,99,LONG,SETUP_00199,0.0,0.0,0.0,0,0,0,2.8821,0.0,SSL_EQUAL_LOWS,39221,0.203,0.63,BOS_BULLISH,39222,LONG,1.003,MODERATE_BOS,RANGING,OB,4331.97,4331.76,4332.19,4330.9,4333.48,4333.87,35,1.0,1.3,NO_VALID_RANGE,-1,-1,,0.0,0.0,0.0,0.0,0,london,NONE,30.0,"{""sweep_depth"":0.0,""displacement"":10.0,""zone_confluence"":0.0,""htf_clarity"":20.0,""round_number"":0.0,""pdh_pdl"":0.0,""session_timing"":0.0,""total"":30.0}"
2026-06-19 10:10:00+00:00,XAU/USD,5min,99,LONG,SETUP_00200,4168.22975,4154.20405,55.0,13,4,2,4.2061,3.335,SSL_SWING_LOW,39794,0.513,3.184,BOS_BULLISH,39809,LONG,1.085,MODERATE_BOS,DOWNTREND,OB,4155.78,4152.84,4156.01,4151.58,4160.44,4168.21,35,1.0,2.76,HTF_NOT_BULLISH,-1,-1,,0.0,0.0,0.0,0.0,0,london,NONE,40.0,"{""sweep_depth"":10.0,""displacement"":10.0,""zone_confluence"":0.0,""htf_clarity"":20.0,""round_number"":0.0,""pdh_pdl"":0.0,""session_timing"":0.0,""total"":40.0}"
2026-06-19 10:25:00+00:00,XAU/USD,5min,99,LONG,SETUP_00201,4168.22975,4154.20405,55.0,16,4,2,4.0841,3.335,SSL_SWING_LOW,39794,0.513,3.184,BOS_BULLISH,39809,LONG,1.085,MODERATE_BOS,DOWNTREND,FVG,4154.55,4153.86,4154.77,4152.63,4156.91,4168.21,35,1.0,6.28,HTF_NOT_BULLISH,-1,-1,,0.0,0.0,0.0,0.0,0,london,NONE,55.0,"{""sweep_depth"":10.0,""displacement"":10.0,""zone_confluence"":15.0,""htf_clarity"":20.0,""round_number"":0.0,""pdh_pdl"":0.0,""session_timing"":0.0,""total"":55.0}"
2026-06-19 10:50:00+00:00,XAU/USD,5min,99,LONG,SETUP_00202,4168.22975,4154.20405,55.0,21,4,2,3.7564,3.335,SSL_SWING_LOW,39794,0.513,3.184,BOS_BULLISH,39809,LONG,1.085,MODERATE_BOS,DOWNTREND,BB,4160.31,4152.2,4160.54,4151.07,4170.0,4182.26,30,1.0,2.29,HTF_NOT_BULLISH,-1,-1,,0.0,0.0,0.0,0.0,0,london,NONE,40.0,"{""sweep_depth"":10.0,""displacement"":10.0,""zone_confluence"":0.0,""htf_clarity"":20.0,""round_number"":0.0,""pdh_pdl"":0.0,""session_timing"":0.0,""total"":40.0}"
2026-06-19 11:55:00+00:00,XAU/USD,5min,99,LONG,SETUP_00203,4153.51387,4143.02267,55.0,14,3,2,4.5258,2.65,SSL_SWING_LOW,39794,0.513,3.184,BOS_BULLISH,39809,LONG,1.085,MODERATE_BOS,DOWNTREND,BB,4160.31,4152.2,4160.54,4150.84,4170.23,4329.94,25,1.0,17.47,HTF_NOT_BULLISH,-1,-1,,0.0,0.0,0.0,0.0,0,london,NONE,40.0,"{""sweep_depth"":10.0,""displacement"":10.0,""zone_confluence"":0.0,""htf_clarity"":20.0,""round_number"":0.0,""pdh_pdl"":0.0,""session_timing"":0.0,""total"":40.0}"
