timestamp,symbol,timeframe,iteration,direction,setup_id,range_high,range_low,range_quality_score,range_bars,range_touches_high,range_touches_low,atr_at_setup,range_height_atr,ssl_bsl_sweep_type,sweep_bar,sweep_wick_size_atr,sweep_wick_size_abs,structure_break_type,breakout_bar,breakout_direction,breakout_body_atr,breakout_quality,htf_trend,retest_zone_type,retest_zone_top,retest_zone_bottom,entry_price,sl_price,tp1_price,tp2_price,tp_score,rr_tp1,rr_tp2,rejection_reason,entry_bar,exit_bar,exit_reason,exit_price,r_multiple,mae_abs,mfe_abs,bars_held,session,override_type,compensation_score,compensation_breakdown,strategy_type,modification_type,market_regime,cs_setup_context
2024-04-11 07:45:00+00:00,XAU/USD,5min,99,LONG,SETUP_00003,2339.77002,2333.94995,70.0,20,3,3,1.8377,2.827,SSL_SWING_LOW,435,1.09,2.35,MSS_BULLISH,444,LONG,1.015,STRONG,RANGING,OB,2338.81,2337.88,2339.04,2337.33,2340.74,2342.29,35,1.0,1.91,,449,451,SL,2337.28,-1.029,3.35,0.52,2,london,NONE,80.0,"{""sweep_depth"":35.0,""displacement"":10.0,""zone_confluence"":0.0,""htf_clarity"":20.0,""round_number"":0.0,""pdh_pdl"":0.0,""session_timing"":15.0,""total"":80.0}",EDGE2,NONE,TRENDING_MODERATE,
2024-04-12 07:25:00+00:00,XAU/USD,5min,99,SHORT,CS_CS4_00013,0.0,0.0,0.0,0,0,0,2.4025,0.0,,-1,0.0,0.0,,-1,,0.0,,,,0.0,0.0,2395.15,2397.19,2393.11,2390.46,30,1.0,2.3,,721,726,SL,2397.24,-1.025,2.23,1.99,5,london,NONE,0.0,,CS4,NONE,,"CS4 SHORT bounce: HTF RSI=78.7, range=high 2395.38, sweep 0 bars ago, wick=1.21"
2024-04-15 11:40:00+00:00,XAU/USD,5min,99,SHORT,SETUP_00020,2361.30005,2355.61011,55.0,8,3,2,2.1103,2.696,BSL_SWING_HIGH,975,0.282,0.67,MSS_BEARISH,981,SHORT,0.716,MODERATE,RANGING,BB,2359.66,2359.12,2358.9,2358.9,2357.5,2355.19,35,1.0,2.65,,1036,1038,SL,2358.95,0.504,0.51,1.75,2,london,NONE,20.0,"{""sweep_depth"":0.0,""displacement"":0.0,""zone_confluence"":0.0,""htf_clarity"":20.0,""round_number"":0.0,""pdh_pdl"":0.0,""session_timing"":0.0,""total"":20.0}",EDGE2,NONE,TRENDING_MODERATE,
2024-04-15 12:40:00+00:00,XAU/USD,5min,99,LONG,SETUP_00021,2361.30005,2355.61011,55.0,20,3,2,2.9885,2.696,SSL_PDL,1027,0.681,1.38,MSS_BULLISH,1039,LONG,0.364,MODERATE,RANGING,BB,2353.4,2352.6,2353.62,2353.62,2355.55,2365.56,35,1.0,6.21,,1048,1055,SL,2353.57,0.503,0.6,7.48,7,off_hours,NONE,55.0,"{""sweep_depth"":10.0,""displacement"":0.0,""zone_confluence"":15.0,""htf_clarity"":20.0,""round_number"":10.0,""pdh_pdl"":0.0,""session_timing"":0.0,""total"":55.0}",EDGE2,NONE,TRENDING_MODERATE,
2024-04-16 12:45:00+00:00,XAU/USD,5min,99,SHORT,SETUP_00023,2378.3501,2368.88989,50.0,74,2,1,2.8164,3.352,BSL_EQUAL_HIGHS,1249,0.313,0.665,MSS_BEARISH,1256,SHORT,0.502,MODERATE,RANGING,OB,2376.27,2375.53,2375.31,2375.31,2373.5,2368.87,35,1.0,3.56,,1325,1328,SL,2375.36,0.503,1.45,2.3,3,off_hours,CONTEXT_OVERRIDE,20.0,"{""sweep_depth"":0.0,""displacement"":0.0,""zone_confluence"":0.0,""htf_clarity"":20.0,""round_number"":0.0,""pdh_pdl"":0.0,""session_timing"":0.0,""total"":20.0}",EDGE2,BLOCKED_SWEEP_ELEVATED_CONTEXT,TRENDING_MODERATE,
2024-04-16 13:20:00+00:00,XAU/USD,5min,99,LONG,SETUP_00024,2378.3501,2368.88989,50.0,81,2,1,3.0189,3.352,SSL_SWING_LOW,1329,0.308,0.87,MSS_BULLISH,1330,LONG,0.65,MODERATE,RANGING,OB,2376.41,2373.02,2376.63,2372.11,2381.16,2392.2,35,1.0,3.44,,1332,1335,SL,2372.06,-1.011,6.73,2.69,3,off_hours,NONE,20.0,"{""sweep_depth"":0.0,""displacement"":0.0,""zone_confluence"":0.0,""htf_clarity"":20.0,""round_number"":0.0,""pdh_pdl"":0.0,""session_timing"":0.0,""total"":20.0}",EDGE2,NONE,TRENDING_MODERATE,
2024-04-23 08:45:00+00:00,XAU/USD,5min,99,SHORT,SETUP_00039,2314.65991,2295.77002,40.0,85,4,1,2.0502,3.354,BSL_SWING_HIGH,2614,0.473,1.21,MSS_BEARISH,2625,SHORT,0.696,MODERATE,DOWNTREND,BB,2302.62,2301.79,2301.57,2303.24,2299.89,2276.88,20,1.0,14.78,,2645,2646,SL,2303.29,-1.03,2.23,0.0,1,london,NONE,60.0,"{""sweep_depth"":0.0,""displacement"":0.0,""zone_confluence"":15.0,""htf_clarity"":20.0,""round_number"":10.0,""pdh_pdl"":0.0,""session_timing"":15.0,""total"":60.0}",EDGE2,NONE,TRENDING_STRONG,
2024-04-25 13:50:00+00:00,XAU/USD,5min,99,SHORT,SETUP_00049,2324.97998,2312.90991,65.0,8,3,2,4.3007,2.807,BSL_SWING_HIGH,3176,0.572,1.04,MSS_BEARISH,3176,SHORT,0.731,MODERATE,RANGING,BB,2320.08,2319.88,2319.65,2319.65,2317.94,2311.94,35,1.0,4.5,,3258,3259,SL,2319.7,0.497,0.87,3.03,1,off_hours,NONE,30.0,"{""sweep_depth"":10.0,""displacement"":0.0,""zone_confluence"":0.0,""htf_clarity"":20.0,""round_number"":0.0,""pdh_pdl"":0.0,""session_timing"":0.0,""total"":30.0}",EDGE2,NONE,TRENDING_STRONG,
2024-04-26 10:55:00+00:00,XAU/USD,5min,99,SHORT,SETUP_00050,2352.63989,2346.3501,55.0,28,2,2,1.2209,3.344,BSL_SWING_HIGH,3493,1.073,1.41,MSS_BEARISH,3493,SHORT,0.898,MODERATE,RANGING,OB,2348.98,2348.78,2348.56,2348.56,2347.56,2332.32,30,1.0,20.52,,3499,3500,SL,2348.61,0.5,0.04,1.11,1,london,NONE,90.0,"{""sweep_depth"":35.0,""displacement"":0.0,""zone_confluence"":15.0,""htf_clarity"":20.0,""round_number"":20.0,""pdh_pdl"":0.0,""session_timing"":0.0,""total"":90.0}",EDGE2,NONE,TRENDING_MODERATE,
2024-04-26 12:40:00+00:00,XAU/USD,5min,99,SHORT,SETUP_00051,2351.53003,2342.21997,65.0,18,2,5,2.6733,3.483,BSL_SWING_HIGH,3502,1.011,1.2,MSS_BEARISH,3502,SHORT,0.707,MODERATE,RANGING,OB,2348.95,2348.69,2347.94,2347.94,2346.13,2333.86,35,1.0,7.77,,3520,3521,SL,2347.99,0.5,0.46,5.53,1,off_hours,NONE,90.0,"{""sweep_depth"":35.0,""displacement"":0.0,""zone_confluence"":15.0,""htf_clarity"":20.0,""round_number"":20.0,""pdh_pdl"":0.0,""session_timing"":0.0,""total"":90.0}",EDGE2,NONE,TRENDING_MODERATE,
2024-05-01 07:10:00+00:00,XAU/USD,5min,99,LONG,CS_CS4_00062,0.0,0.0,0.0,0,0,0,1.1944,0.0,,-1,0.0,0.0,,-1,,0.0,,,,0.0,0.0,2286.62,2286.62,2287.13,2288.17,30,1.0,3.04,,4270,4271,SL,2286.57,0.5,0.39,0.81,1,london,NONE,0.0,,CS4,CS4_EXTENDED_SWEEP_LOOKBACK,,"CS4 LONG bounce: HTF RSI=30.8, range=low 2286.53, sweep 14 bars ago, wick=0.12"
2024-05-01 08:00:00+00:00,XAU/USD,5min,99,SHORT,SETUP_00063,2288.070068,2283.6001,55.0,11,2,2,1.4292,3.358,BSL_SWING_HIGH,4269,0.43,0.51,MSS_BEARISH,4274,SHORT,0.771,MODERATE,RANGING,OB,2286.95,2286.61,2286.39,2286.39,2285.39,2285.16,35,1.0,1.23,,4280,4281,TP2,2285.16,1.115,0.0,1.66,1,london,NONE,35.0,"{""sweep_depth"":0.0,""displacement"":0.0,""zone_confluence"":0.0,""htf_clarity"":20.0,""round_number"":0.0,""pdh_pdl"":0.0,""session_timing"":15.0,""total"":35.0}",EDGE2,NONE,TRENDING_MODERATE,
2024-05-01 08:35:00+00:00,XAU/USD,5min,99,SHORT,SETUP_00064,2288.070068,2283.6001,55.0,18,2,2,1.3924,3.358,BSL_SWING_HIGH,4283,0.252,0.35,MSS_BEARISH,4283,SHORT,1.125,STRONG,RANGING,OB,2285.91,2285.71,2285.49,2285.49,2284.49,2279.13,25,1.0,7.55,,4287,4291,SL,2285.54,0.5,1.03,1.43,4,london,NONE,45.0,"{""sweep_depth"":0.0,""displacement"":10.0,""zone_confluence"":0.0,""htf_clarity"":20.0,""round_number"":0.0,""pdh_pdl"":0.0,""session_timing"":15.0,""total"":45.0}",EDGE2,NONE,TRENDING_MODERATE,
2024-05-03 07:25:00+00:00,XAU/USD,5min,99,SHORT,SETUP_00065,2302.53003,2297.90991,70.0,13,2,2,1.6442,3.082,BSL_EQUAL_HIGHS,4812,0.358,0.473,MSS_BEARISH,4821,SHORT,0.595,MODERATE,RANGING,OB,2301.88,2300.94,2300.71,2300.71,2299.06,2293.29,30,1.0,4.48,,4825,4832,SL,2300.76,0.497,0.73,1.91,7,london,CONTEXT_OVERRIDE,70.0,"{""sweep_depth"":0.0,""displacement"":0.0,""zone_confluence"":15.0,""htf_clarity"":20.0,""round_number"":20.0,""pdh_pdl"":0.0,""session_timing"":15.0,""total"":70.0}",EDGE2,BLOCKED_SWEEP_ELEVATED_CONTEXT,TRENDING_MODERATE,
2024-05-03 08:55:00+00:00,XAU/USD,5min,99,SHORT,SETUP_00066,2302.53003,2297.90991,70.0,31,2,2,1.2868,3.082,BSL_EQUAL_HIGHS,4834,0.41,0.663,MSS_BEARISH,4834,SHORT,0.778,MODERATE,RANGING,OB,2302.15,2301.11,2300.89,2302.54,2299.23,2298.76,35,1.0,1.29,,4843,4851,SL,2302.59,-1.03,2.35,1.37,8,london,CONTEXT_OVERRIDE,60.0,"{""sweep_depth"":0.0,""displacement"":0.0,""zone_confluence"":15.0,""htf_clarity"":20.0,""round_number"":10.0,""pdh_pdl"":0.0,""session_timing"":15.0,""total"":60.0}",EDGE2,BLOCKED_SWEEP_ELEVATED_CONTEXT,TRENDING_MODERATE,
2024-08-15 07:25:00+00:00,XAU/USD,5min,99,SHORT,SETUP_00071,2458.81006,2452.77002,40.0,18,2,1,1.347,3.299,BSL_SWING_HIGH,5426,0.466,0.75,MSS_BEARISH,5426,SHORT,0.621,MODERATE,RANGING,OB,2457.52,2456.3,2456.08,2456.08,2454.23,2449.44,35,1.0,3.59,,5431,5444,SL,2456.13,0.503,0.61,2.38,13,london,NONE,35.0,"{""sweep_depth"":0.0,""displacement"":0.0,""zone_confluence"":0.0,""htf_clarity"":20.0,""round_number"":0.0,""pdh_pdl"":0.0,""session_timing"":15.0,""total"":35.0}",EDGE2,NONE,TRENDING_MODERATE,
2024-08-15 09:25:00+00:00,XAU/USD,5min,99,SHORT,SETUP_00072,2458.81006,2452.77002,40.0,42,2,1,0.9921,3.299,BSL_EQUAL_HIGHS,5446,0.504,0.655,MSS_BEARISH,5448,SHORT,0.54,MODERATE,RANGING,OB,2456.46,2456.26,2456.04,2457.04,2455.04,2453.75,35,1.0,3.17,,5455,5459,SL,2457.09,-1.05,1.11,0.34,4,london,CONTEXT_OVERRIDE,45.0,"{""sweep_depth"":10.0,""displacement"":0.0,""zone_confluence"":0.0,""htf_clarity"":20.0,""round_number"":0.0,""pdh_pdl"":0.0,""session_timing"":15.0,""total"":45.0}",EDGE2,BLOCKED_SWEEP_ELEVATED_CONTEXT,TRENDING_MODERATE,
2024-08-16 11:05:00+00:00,XAU/USD,5min,99,SHORT,CS_CS4_00081,0.0,0.0,0.0,0,0,0,1.6393,0.0,,-1,0.0,0.0,,-1,,0.0,,,,0.0,0.0,2468.09,2468.09,2466.67,2465.58,30,1.0,1.76,,5751,5752,SL,2468.14,0.5,0.89,1.56,1,london,NONE,0.0,,CS4,NONE,,"CS4 SHORT bounce: HTF RSI=69.1, range=high 2468.19, sweep 0 bars ago, wick=0.91"
2024-08-19 15:30:00+00:00,XAU/USD,5min,99,SHORT,SETUP_00088,2504.78003,2500.070068,45.0,10,6,1,2.1407,2.255,BSL_SWING_HIGH,5976,0.364,0.64,MSS_BEARISH,5977,SHORT,1.253,STRONG,RANGING,OB,2504.66,2503.77,2503.55,2503.55,2501.79,2500.04,35,1.0,2.0,,6079,6080,SL,2503.6,0.503,0.59,2.32,1,off_hours,NONE,30.0,"{""sweep_depth"":0.0,""displacement"":10.0,""zone_confluence"":0.0,""htf_clarity"":20.0,""round_number"":0.0,""pdh_pdl"":0.0,""session_timing"":0.0,""total"":30.0}",EDGE2,NONE,TRENDING_STRONG,
2024-08-20 08:50:00+00:00,XAU/USD,5min,99,SHORT,CS_CS4_00094,0.0,0.0,0.0,0,0,0,2.9083,0.0,,-1,0.0,0.0,,-1,,0.0,,,,0.0,0.0,2520.86,2523.11,2518.61,2500.0,30,1.0,9.28,,6275,6279,SL,2523.16,-1.022,3.58,1.45,4,london,NONE,0.0,,CS4,NONE,,"CS4 SHORT bounce: HTF RSI=71.5, range=high 2521.55, sweep 0 bars ago, wick=0.83"
2024-08-20 09:25:00+00:00,XAU/USD,5min,99,SHORT,CS_CS4_00095,0.0,0.0,0.0,0,0,0,2.1071,0.0,,-1,0.0,0.0,,-1,,0.0,,,,0.0,0.0,2524.7,2524.7,2523.64,2521.77,30,1.0,2.77,,6282,6283,SL,2524.75,0.5,0.02,3.08,1,london,NONE,0.0,,CS4,NONE,,"CS4 SHORT bounce: HTF RSI=72.7, range=high 2525.19, sweep 2 bars ago, wick=0.04"
2024-08-20 11:45:00+00:00,XAU/USD,5min,99,SHORT,CS_CS4_00096,0.0,0.0,0.0,0,0,0,1.5053,0.0,,-1,0.0,0.0,,-1,,0.0,,,,0.0,0.0,2525.14,2525.14,2524.39,2521.77,30,1.0,4.51,,6310,6311,SL,2525.19,0.5,0.31,0.87,1,london,NONE,0.0,,CS4,NONE,,"CS4 SHORT bounce: HTF RSI=75.6, range=high 2525.19, sweep 0 bars ago, wick=0.32"
2024-08-20 13:10:00+00:00,XAU/USD,5min,99,LONG,SETUP_00097,2529.22998,2521.72998,65.0,22,2,2,2.5171,3.248,SSL_EQUAL_LOWS,6321,0.445,1.065,BOS_MACRO_DISPLACEMENT,6321,LONG,1.35,MODERATE_BOS,RANGING,OB,2525.36,2522.66,2525.59,2525.59,2529.27,2536.73,25,1.0,3.03,,6327,6332,SL,2525.54,0.467,5.61,6.13,5,off_hours,MOMENTUM_OVERRIDE,30.0,"{""sweep_depth"":0.0,""displacement"":10.0,""zone_confluence"":0.0,""htf_clarity"":20.0,""round_number"":0.0,""pdh_pdl"":0.0,""session_timing"":0.0,""total"":30.0}",EDGE2,BOS_MACRO_DISPLACEMENT,TRENDING_STRONG,
2024-08-22 07:35:00+00:00,XAU/USD,5min,99,SHORT,SETUP_00098,2510.6499,2504.23999,70.0,20,2,3,1.9724,3.063,BSL_SWING_HIGH,6808,0.237,0.49,MSS_BEARISH,6808,SHORT,1.652,STRONG,RANGING,OB,2508.61,2508.41,2508.18,2508.18,2507.16,2500.97,35,1.0,7.09,,6812,6814,SL,2508.23,0.5,1.0,1.87,2,london,NONE,55.0,"{""sweep_depth"":0.0,""displacement"":20.0,""zone_confluence"":0.0,""htf_clarity"":20.0,""round_number"":0.0,""pdh_pdl"":0.0,""session_timing"":15.0,""total"":55.0}",EDGE2,NONE,TRENDING_MODERATE,
2024-08-22 10:05:00+00:00,XAU/USD,5min,99,SHORT,SETUP_00100,2508.61011,2504.01001,55.0,9,2,2,1.5134,2.875,BSL_SWING_HIGH,6819,0.481,0.83,MSS_BEARISH,6819,SHORT,0.417,MODERATE,RANGING,OB,2509.18,2507.6,2507.38,2507.38,2505.12,2501.05,35,1.0,2.8,,6842,6860,TP2,2501.05,1.909,1.74,9.16,18,london,NONE,20.0,"{""sweep_depth"":0.0,""displacement"":0.0,""zone_confluence"":0.0,""htf_clarity"":20.0,""round_number"":0.0,""pdh_pdl"":0.0,""session_timing"":0.0,""total"":20.0}",EDGE2,NONE,TRENDING_MODERATE,
2024-08-23 07:15:00+00:00,XAU/USD,5min,99,SHORT,SETUP_00102,2494.56006,2491.3501,50.0,47,1,2,1.3302,2.668,BSL_SWING_HIGH,7080,0.212,0.29,MSS_BEARISH,7081,SHORT,0.485,MODERATE,RANGING,OB,2493.38,2491.9,2491.67,2493.78,2489.57,2488.11,35,1.0,1.69,,7084,7087,SL,2493.83,-1.024,2.48,0.0,3,london,NONE,35.0,"{""sweep_depth"":0.0,""displacement"":0.0,""zone_confluence"":0.0,""htf_clarity"":20.0,""round_number"":0.0,""pdh_pdl"":0.0,""session_timing"":15.0,""total"":35.0}",EDGE2,NONE,TRENDING_MODERATE,
2024-08-26 08:50:00+00:00,XAU/USD,5min,99,SHORT,CS_CS4_00103,0.0,0.0,0.0,0,0,0,1.5485,0.0,,-1,0.0,0.0,,-1,,0.0,,,,0.0,0.0,2524.99,2524.99,2523.94,2522.23,30,1.0,2.63,,7378,7382,SL,2525.04,0.5,0.36,1.55,4,london,NONE,0.0,,CS4,NONE,,"CS4 SHORT bounce: HTF RSI=75.7, range=high 2525.20, sweep 0 bars ago, wick=0.45"
2024-08-26 09:25:00+00:00,XAU/USD,5min,99,SHORT,CS_CS4_00104,0.0,0.0,0.0,0,0,0,1.4659,0.0,,-1,0.0,0.0,,-1,,0.0,,,,0.0,0.0,2525.14,2525.14,2524.35,2522.23,30,1.0,3.69,,7385,7386,SL,2525.19,0.5,0.01,0.84,1,london,NONE,0.0,,CS4,NONE,,"CS4 SHORT bounce: HTF RSI=76.3, range=high 2525.20, sweep 0 bars ago, wick=0.36"
2024-08-26 09:35:00+00:00,XAU/USD,5min,99,SHORT,CS_CS4_00105,0.0,0.0,0.0,0,0,0,1.3486,0.0,,-1,0.0,0.0,,-1,,0.0,,,,0.0,0.0,2524.94,2524.94,2523.94,2522.23,30,1.0,2.71,,7387,7395,SL,2524.99,0.5,0.72,2.21,8,london,NONE,0.0,,CS4,NONE,,"CS4 SHORT bounce: HTF RSI=76.3, range=high 2525.20, sweep 0 bars ago, wick=0.40"
2024-08-26 10:55:00+00:00,XAU/USD,5min,99,SHORT,CS_CS4_00108,0.0,0.0,0.0,0,0,0,1.2717,0.0,,-1,0.0,0.0,,-1,,0.0,,,,0.0,0.0,2524.98,2524.98,2524.16,2522.23,30,1.0,3.36,,7403,7405,SL,2525.03,0.5,0.33,0.89,2,london,NONE,0.0,,CS4,NONE,,"CS4 SHORT bounce: HTF RSI=76.0, range=high 2525.20, sweep 0 bars ago, wick=0.28"
2024-08-27 07:10:00+00:00,XAU/USD,5min,99,SHORT,SETUP_00110,2517.46997,2511.36011,40.0,17,3,1,1.7326,3.484,BSL_SWING_HIGH,7626,0.287,0.5,MSS_BEARISH,7632,SHORT,1.026,STRONG,RANGING,OB,2517.23,2514.39,2514.16,2514.16,2510.58,2508.78,35,1.0,1.5,,7634,7639,TP2,2508.78,1.248,1.53,6.26,5,london,NONE,45.0,"{""sweep_depth"":0.0,""displacement"":10.0,""zone_confluence"":0.0,""htf_clarity"":20.0,""round_number"":0.0,""pdh_pdl"":0.0,""session_timing"":15.0,""total"":45.0}",EDGE2,NONE,TRENDING_MODERATE,
2024-08-27 10:05:00+00:00,XAU/USD,5min,99,LONG,SETUP_00111,2512.56006,2508.59009,65.0,24,5,2,1.721,2.133,SSL_SWING_LOW,7657,1.25,2.27,BOS_MACRO_DISPLACEMENT,7657,LONG,1.35,MODERATE_BOS,RANGING,BB,2507.57,2507.37,2507.79,2507.79,2508.79,2509.64,35,1.0,1.96,,7669,7670,TP2,2509.64,1.218,0.0,2.18,1,london,MOMENTUM_OVERRIDE,65.0,"{""sweep_depth"":35.0,""displacement"":10.0,""zone_confluence"":0.0,""htf_clarity"":20.0,""round_number"":0.0,""pdh_pdl"":0.0,""session_timing"":0.0,""total"":65.0}",EDGE2,BOS_MACRO_DISPLACEMENT,TRENDING_STRONG,
2024-08-27 11:25:00+00:00,XAU/USD,5min,99,SHORT,SETUP_00112,2512.56006,2508.59009,65.0,40,5,2,1.3241,2.133,BSL_SWING_HIGH,7670,0.24,0.42,BOS_MACRO_DISPLACEMENT,7671,SHORT,0.75,MODERATE_BOS,DOWNTREND,OB,2511.86,2511.14,2510.91,2512.39,2509.57,2508.78,35,1.0,1.59,,7685,7690,SL,2512.44,-1.034,1.65,0.6,5,london,MOMENTUM_OVERRIDE,20.0,"{""sweep_depth"":0.0,""displacement"":0.0,""zone_confluence"":0.0,""htf_clarity"":20.0,""round_number"":0.0,""pdh_pdl"":0.0,""session_timing"":0.0,""total"":20.0}",EDGE2,BOS_MACRO_DISPLACEMENT,TRENDING_STRONG,
2024-08-27 16:10:00+00:00,XAU/USD,5min,99,LONG,SETUP_00118,2517.6499,2508.37988,65.0,31,2,2,2.0319,2.985,SSL_SWING_LOW,7692,1.012,1.39,BOS_MACRO_DISPLACEMENT,7692,LONG,1.682,MODERATE_BOS,RANGING,OB,2510.38,2509.99,2510.6,2510.6,2511.83,2512.35,35,1.0,1.42,,7742,7743,TP2,2512.35,1.049,0.0,2.49,1,off_hours,MOMENTUM_OVERRIDE,75.0,"{""sweep_depth"":35.0,""displacement"":20.0,""zone_confluence"":0.0,""htf_clarity"":20.0,""round_number"":0.0,""pdh_pdl"":0.0,""session_timing"":0.0,""total"":75.0}",EDGE2,BOS_MACRO_DISPLACEMENT,TRENDING_STRONG,
2024-08-28 09:40:00+00:00,XAU/USD,5min,99,SHORT,SETUP_00119,2511.31006,2505.72998,40.0,55,1,1,1.2523,3.232,BSL_SWING_HIGH,7920,0.592,1.04,MSS_BEARISH,7922,SHORT,0.653,MODERATE,RANGING,OB,2510.88,2509.86,2509.64,2509.64,2508.01,2503.64,35,1.0,3.7,,7940,7953,TP2,2503.64,2.355,1.59,6.83,13,london,NONE,30.0,"{""sweep_depth"":10.0,""displacement"":0.0,""zone_confluence"":0.0,""htf_clarity"":20.0,""round_number"":0.0,""pdh_pdl"":0.0,""session_timing"":0.0,""total"":30.0}",EDGE2,NONE,TRENDING_MODERATE,
2024-08-28 13:45:00+00:00,XAU/USD,5min,99,LONG,SETUP_00122,2510.52002,2499.43994,55.0,9,2,2,3.2251,3.344,SSL_SWING_LOW,7954,0.609,0.93,MSS_BULLISH,7954,LONG,1.133,STRONG,RANGING,BB,2507.06,2505.82,2507.29,2504.85,2509.72,2509.95,35,1.0,1.1,,7989,7990,SL,2504.8,-1.02,5.19,0.0,1,off_hours,NONE,40.0,"{""sweep_depth"":10.0,""displacement"":10.0,""zone_confluence"":0.0,""htf_clarity"":20.0,""round_number"":0.0,""pdh_pdl"":0.0,""session_timing"":0.0,""total"":40.0}",EDGE2,NONE,TRENDING_STRONG,
2024-08-30 11:40:00+00:00,XAU/USD,5min,99,SHORT,SETUP_00135,2520.02002,2515.060059,55.0,15,4,2,1.6216,2.703,BSL_SWING_HIGH,8459,0.695,1.37,MSS_BEARISH,8460,SHORT,0.76,MODERATE,RANGING,OB,2521.72,2521.52,2521.29,2521.29,2520.29,2512.42,35,1.0,9.74,,8516,8522,SL,2521.34,0.5,0.61,2.98,6,london,NONE,30.0,"{""sweep_depth"":10.0,""displacement"":0.0,""zone_confluence"":0.0,""htf_clarity"":20.0,""round_number"":0.0,""pdh_pdl"":0.0,""session_timing"":0.0,""total"":30.0}",EDGE2,NONE,TRENDING_MODERATE,
2024-08-30 12:35:00+00:00,XAU/USD,5min,99,LONG,SETUP_00136,2524.73999,2518.31006,55.0,9,3,3,2.3755,3.025,SSL_SWING_LOW,8523,0.814,1.24,MSS_BULLISH,8523,LONG,0.788,MODERATE,RANGING,OB,2519.55,2518.93,2520.3,2518.22,2522.38,2526.78,35,1.0,3.11,,8527,8528,SL,2518.17,-1.024,3.52,2.15,1,off_hours,NONE,40.0,"{""sweep_depth"":20.0,""displacement"":0.0,""zone_confluence"":0.0,""htf_clarity"":20.0,""round_number"":0.0,""pdh_pdl"":0.0,""session_timing"":0.0,""total"":40.0}",EDGE2,NONE,TRENDING_MODERATE,
2024-09-03 13:10:00+00:00,XAU/USD,5min,99,SHORT,SETUP_00141,2498.67993,2492.12012,45.0,11,1,4,2.9396,2.199,BSL_EQUAL_HIGHS,8982,0.883,1.313,MSS_BEARISH,8982,SHORT,1.096,STRONG,RANGING,BB,2495.36,2494.94,2494.71,2494.71,2493.19,2490.12,35,1.0,3.01,,9055,9059,TP2,2490.12,1.997,0.0,6.31,4,off_hours,CONTEXT_OVERRIDE,50.0,"{""sweep_depth"":20.0,""displacement"":10.0,""zone_confluence"":0.0,""htf_clarity"":20.0,""round_number"":0.0,""pdh_pdl"":0.0,""session_timing"":0.0,""total"":50.0}",EDGE2,BLOCKED_SWEEP_ELEVATED_CONTEXT,TRENDING_MODERATE,
2024-09-04 08:20:00+00:00,XAU/USD,5min,99,LONG,CS_CS4_00143,0.0,0.0,0.0,0,0,0,1.8516,0.0,,-1,0.0,0.0,,-1,,0.0,,,,0.0,0.0,2480.36,2478.94,2481.78,2483.23,30,1.0,2.02,,9273,9276,SL,2478.89,-1.035,3.08,1.34,3,london,NONE,0.0,,CS4,NONE,,"CS4 LONG bounce: HTF RSI=27.9, range=low 2480.24, sweep 0 bars ago, wick=0.84"
2024-09-05 08:00:00+00:00,XAU/USD,5min,99,SHORT,CS_CS4_00144,0.0,0.0,0.0,0,0,0,1.4988,0.0,,-1,0.0,0.0,,-1,,0.0,,,,0.0,0.0,2506.8,2508.27,2505.33,2500.0,35,1.0,4.61,,9545,9547,SL,2508.32,-1.034,2.72,0.75,2,london,NONE,0.0,,CS4,NONE,,"CS4 SHORT bounce: HTF RSI=72.4, range=high 2506.93, sweep 0 bars ago, wick=0.97"
2024-09-05 09:40:00+00:00,XAU/USD,5min,99,SHORT,CS_CS4_00145,0.0,0.0,0.0,0,0,0,1.4782,0.0,,-1,0.0,0.0,,-1,,0.0,,,,0.0,0.0,2516.73,2516.73,2515.78,2515.04,30,1.0,1.78,,9565,9568,SL,2516.78,0.5,0.28,1.25,3,london,NONE,0.0,,CS4,NONE,,"CS4 SHORT bounce: HTF RSI=72.9, range=high 2516.98, sweep 0 bars ago, wick=0.33"
2024-12-18 08:55:00+00:00,XAU/USD,5min,99,SHORT,SETUP_00163,2647.56006,2644.22998,40.0,67,2,1,1.6806,3.051,BSL_SWING_HIGH,10711,0.245,0.3,MSS_BEARISH,10712,SHORT,0.492,MODERATE,RANGING,OB,2648.86,2648.16,2647.93,2647.93,2646.51,2642.84,35,1.0,3.57,,10734,10749,SL,2647.98,0.497,1.37,2.32,15,london,NONE,70.0,"{""sweep_depth"":0.0,""displacement"":0.0,""zone_confluence"":15.0,""htf_clarity"":20.0,""round_number"":20.0,""pdh_pdl"":0.0,""session_timing"":15.0,""total"":70.0}",EDGE2,NONE,TRENDING_MODERATE,
2024-12-27 07:40:00+00:00,XAU/USD,5min,99,SHORT,SETUP_00196,2637.090088,2633.92993,70.0,17,3,4,1.4661,2.517,BSL_SWING_HIGH,12325,0.758,0.96,MSS_BEARISH,12327,SHORT,1.454,STRONG,RANGING,FVG,2635.97,2635.2,2634.97,2634.97,2633.54,2631.32,35,1.0,2.55,,12335,12339,TP2,2631.32,1.764,1.1,5.35,4,london,NONE,80.0,"{""sweep_depth"":20.0,""displacement"":10.0,""zone_confluence"":15.0,""htf_clarity"":20.0,""round_number"":0.0,""pdh_pdl"":0.0,""session_timing"":15.0,""total"":80.0}",EDGE2,NONE,TRENDING_MODERATE,
2024-12-30 07:20:00+00:00,XAU/USD,5min,99,SHORT,SETUP_00199,2621.23999,2617.02002,40.0,8,1,1,1.2957,3.257,BSL_SWING_HIGH,12592,0.504,0.58,BOS_MACRO_DISPLACEMENT,12603,SHORT,0.794,MODERATE_BOS,RANGING,OB,2619.45,2619.12,2618.9,2618.9,2617.9,2612.8,30,1.0,6.46,,12606,12609,SL,2618.95,0.446,0.69,1.81,3,london,MOMENTUM_OVERRIDE,45.0,"{""sweep_depth"":10.0,""displacement"":0.0,""zone_confluence"":0.0,""htf_clarity"":20.0,""round_number"":0.0,""pdh_pdl"":0.0,""session_timing"":15.0,""total"":45.0}",EDGE2,BOS_MACRO_DISPLACEMENT,TRENDING_STRONG,
2024-12-30 13:25:00+00:00,XAU/USD,5min,99,SHORT,SETUP_00201,2622.57007,2617.98999,55.0,10,2,3,1.9262,2.637,BSL_SWING_HIGH,12629,0.205,0.36,BOS_MACRO_DISPLACEMENT,12629,SHORT,1.661,MODERATE_BOS,RANGING,BB,2623.22,2622.28,2622.06,2622.06,2620.31,2611.94,35,1.0,5.8,,12679,12680,SL,2622.11,0.453,0.3,5.2,1,off_hours,MOMENTUM_OVERRIDE,40.0,"{""sweep_depth"":0.0,""displacement"":20.0,""zone_confluence"":0.0,""htf_clarity"":20.0,""round_number"":0.0,""pdh_pdl"":0.0,""session_timing"":0.0,""total"":40.0}",EDGE2,BOS_MACRO_DISPLACEMENT,TRENDING_STRONG,
2025-01-02 08:10:00+00:00,XAU/USD,5min,99,SHORT,CS_CS4_00203,0.0,0.0,0.0,0,0,0,1.2709,0.0,,-1,0.0,0.0,,-1,,0.0,,,,0.0,0.0,2635.19,2635.19,2634.46,2633.41,30,1.0,2.44,,13168,13169,SL,2635.24,0.5,0.03,1.5,1,london,NONE,0.0,,CS4,NONE,,"CS4 SHORT bounce: HTF RSI=73.5, range=high 2635.39, sweep 1 bars ago, wick=0.21"
2025-01-06 15:00:00+00:00,XAU/USD,5min,99,LONG,SETUP_00207,2630.77002,2614.88989,55.0,16,3,2,4.5248,2.863,SSL_SWING_LOW,13705,0.467,0.61,MSS_BULLISH,13706,LONG,0.407,MODERATE,RANGING,FVG,2631.73,2631.24,2631.95,2631.95,2634.03,2642.45,35,1.0,5.06,,13801,13802,SL,2631.9,0.502,0.72,3.56,1,off_hours,NONE,35.0,"{""sweep_depth"":0.0,""displacement"":0.0,""zone_confluence"":15.0,""htf_clarity"":20.0,""round_number"":0.0,""pdh_pdl"":0.0,""session_timing"":0.0,""total"":35.0}",EDGE2,NONE,TRENDING_MODERATE,
2025-01-08 08:55:00+00:00,XAU/USD,5min,99,LONG,SETUP_00209,2652.71997,2649.01001,80.0,35,2,2,1.4019,3.482,SSL_EQUAL_LOWS,14275,0.364,0.515,MSS_BULLISH,14275,LONG,0.727,MODERATE,RANGING,OB,2651.48,2650.49,2651.7,2651.7,2653.34,2656.43,50,1.0,2.89,,14280,14306,SL,2651.65,0.503,0.29,3.53,26,london,NONE,70.0,"{""sweep_depth"":0.0,""displacement"":0.0,""zone_confluence"":15.0,""htf_clarity"":20.0,""round_number"":20.0,""pdh_pdl"":0.0,""session_timing"":15.0,""total"":70.0}",EDGE2,NONE,TRENDING_MODERATE,
2025-01-08 11:20:00+00:00,XAU/USD,5min,99,SHORT,SETUP_00210,2655.12012,2652.52002,65.0,27,2,3,1.0858,2.126,BSL_EQUAL_HIGHS,14303,0.519,0.565,MSS_BEARISH,14307,SHORT,0.726,MODERATE,RANGING,OB,2652.38,2651.94,2651.71,2651.71,2650.71,2650.6,35,1.0,1.12,,14309,14310,TP2,2650.6,1.055,0.0,2.86,1,london,CONTEXT_OVERRIDE,55.0,"{""sweep_depth"":10.0,""displacement"":0.0,""zone_confluence"":15.0,""htf_clarity"":20.0,""round_number"":10.0,""pdh_pdl"":0.0,""session_timing"":0.0,""total"":55.0}",EDGE2,BLOCKED_SWEEP_ELEVATED_CONTEXT,TRENDING_MODERATE,
2025-01-09 07:25:00+00:00,XAU/USD,5min,99,SHORT,SETUP_00212,2666.93994,2663.20996,50.0,9,2,1,1.2036,2.998,BSL_SWING_HIGH,14524,0.267,0.29,MSS_BEARISH,14533,SHORT,0.843,MODERATE,RANGING,OB,2666.81,2665.34,2665.12,2665.12,2663.06,2659.58,35,1.0,2.69,,14538,14550,SL,2665.17,0.502,1.15,4.56,12,london,NONE,35.0,"{""sweep_depth"":0.0,""displacement"":0.0,""zone_confluence"":0.0,""htf_clarity"":20.0,""round_number"":0.0,""pdh_pdl"":0.0,""session_timing"":15.0,""total"":35.0}",EDGE2,NONE,TRENDING_MODERATE,
2025-04-28 08:00:00+00:00,XAU/USD,5min,99,SHORT,SETUP_00217,3292.5,3283.8,40.0,18,1,2,2.7061,3.411,BSL_SWING_HIGH,15243,0.244,0.5,MSS_BEARISH,15248,SHORT,0.431,MODERATE,RANGING,OB,3288.4,3286.4,3286.17,3286.17,3283.14,3275.1,30,1.0,3.65,,15258,15269,SL,3286.22,0.498,2.93,6.99,11,london,NONE,35.0,"{""sweep_depth"":0.0,""displacement"":0.0,""zone_confluence"":0.0,""htf_clarity"":20.0,""round_number"":0.0,""pdh_pdl"":0.0,""session_timing"":15.0,""total"":35.0}",EDGE2,NONE,TRENDING_STRONG,
2025-04-29 07:25:00+00:00,XAU/USD,5min,99,SHORT,SETUP_00218,3323.9,3316.0,50.0,9,2,1,2.3339,3.249,BSL_SWING_HIGH,15524,0.438,1.1,MSS_BEARISH,15526,SHORT,0.52,MODERATE,RANGING,OB,3320.6,3320.0,3319.77,3319.77,3318.25,3316.0,35,1.0,2.48,,15528,15530,SL,3319.82,0.497,0.73,3.47,2,london,NONE,35.0,"{""sweep_depth"":0.0,""displacement"":0.0,""zone_confluence"":0.0,""htf_clarity"":20.0,""round_number"":0.0,""pdh_pdl"":0.0,""session_timing"":15.0,""total"":35.0}",EDGE2,NONE,TRENDING_MODERATE,
2025-04-30 16:35:00+00:00,XAU/USD,5min,99,SHORT,SETUP_00227,3319.59,3296.06,55.0,43,2,2,4.2557,3.439,BSL_SWING_HIGH,15786,0.439,0.7,MSS_BEARISH,15788,SHORT,0.627,MODERATE,RANGING,BB,3314.05,3313.85,3313.62,3313.62,3311.92,3304.6,35,1.0,5.3,,15899,15916,TP2,3304.6,3.135,0.0,10.46,17,off_hours,NONE,20.0,"{""sweep_depth"":0.0,""displacement"":0.0,""zone_confluence"":0.0,""htf_clarity"":20.0,""round_number"":0.0,""pdh_pdl"":0.0,""session_timing"":0.0,""total"":20.0}",EDGE2,NONE,TRENDING_MODERATE,
2025-05-01 08:25:00+00:00,XAU/USD,5min,99,SHORT,SETUP_00228,3239.92,3226.3,40.0,22,2,1,3.2038,3.34,BSL_SWING_HIGH,16072,1.327,4.91,MSS_BEARISH,16072,SHORT,1.489,STRONG,RANGING,OB,3237.16,3236.23,3236.0,3236.0,3233.89,3225.72,35,1.0,4.86,,16089,16096,SL,3236.05,0.498,0.01,3.97,7,london,NONE,80.0,"{""sweep_depth"":35.0,""displacement"":10.0,""zone_confluence"":0.0,""htf_clarity"":20.0,""round_number"":0.0,""pdh_pdl"":0.0,""session_timing"":15.0,""total"":80.0}",EDGE2,NONE,TRENDING_STRONG,
2025-05-01 11:00:00+00:00,XAU/USD,5min,99,LONG,SETUP_00229,3224.1,3213.62,65.0,16,3,3,2.9283,3.456,SSL_EQUAL_LOWS,16095,0.507,1.25,BOS_MACRO_DISPLACEMENT,16097,LONG,1.913,MODERATE_BOS,RANGING,BB,3227.21,3226.53,3227.44,3225.36,3229.22,3235.98,35,1.0,4.79,,16120,16121,SL,3225.31,-1.024,4.44,0.0,1,london,MOMENTUM_OVERRIDE,50.0,"{""sweep_depth"":10.0,""displacement"":20.0,""zone_confluence"":0.0,""htf_clarity"":20.0,""round_number"":0.0,""pdh_pdl"":0.0,""session_timing"":0.0,""total"":50.0}",EDGE2,BOS_MACRO_DISPLACEMENT,TRENDING_STRONG,
2025-05-01 11:25:00+00:00,XAU/USD,5min,99,SHORT,SETUP_00230,3224.1,3213.62,65.0,21,3,3,2.8413,3.456,BSL_SWING_HIGH,16121,0.452,1.37,MSS_BEARISH,16123,SHORT,0.52,MODERATE,RANGING,OB,3226.54,3222.91,3222.68,3222.68,3217.98,3213.62,25,1.0,1.93,,16125,16129,TP2,3213.62,1.461,2.58,16.0,4,london,NONE,20.0,"{""sweep_depth"":0.0,""displacement"":0.0,""zone_confluence"":0.0,""htf_clarity"":20.0,""round_number"":0.0,""pdh_pdl"":0.0,""session_timing"":0.0,""total"":20.0}",EDGE2,NONE,TRENDING_STRONG,
2025-05-05 10:25:00+00:00,XAU/USD,5min,99,SHORT,CS_CS4_00240,0.0,0.0,0.0,0,0,0,4.7349,0.0,,-1,0.0,0.0,,-1,,0.0,,,,0.0,0.0,3314.3,3317.72,3310.88,3300.0,35,1.0,4.18,,16887,16896,SL,3317.77,-1.015,3.57,2.57,9,london,NONE,0.0,,CS4,NONE,,"CS4 SHORT bounce: HTF RSI=77.2, range=high 3315.27, sweep 0 bars ago, wick=1.27"
2025-05-05 11:20:00+00:00,XAU/USD,5min,99,SHORT,CS_CS4_00241,0.0,0.0,0.0,0,0,0,3.4556,0.0,,-1,0.0,0.0,,-1,,0.0,,,,0.0,0.0,3314.99,3317.81,3312.17,3300.0,35,1.0,5.31,,16898,16899,SL,3317.86,-1.018,6.81,1.58,1,london,NONE,0.0,,CS4,NONE,,"CS4 SHORT bounce: HTF RSI=76.9, range=high 3315.27, sweep 0 bars ago, wick=1.68"
2025-05-06 10:00:00+00:00,XAU/USD,5min,99,SHORT,CS_CS4_00245,0.0,0.0,0.0,0,0,0,3.308,0.0,,-1,0.0,0.0,,-1,,0.0,,,,0.0,0.0,3382.98,3382.98,3381.43,3375.9,30,1.0,4.58,,17170,17171,SL,3383.03,0.5,0.02,2.5,1,london,NONE,0.0,,CS4,NONE,,"CS4 SHORT bounce: HTF RSI=74.0, range=high 3383.03, sweep 0 bars ago, wick=0.67"
2025-05-06 10:10:00+00:00,XAU/USD,5min,99,SHORT,CS_CS4_00246,0.0,0.0,0.0,0,0,0,3.1119,0.0,,-1,0.0,0.0,,-1,,0.0,,,,0.0,0.0,3383.01,3383.01,3381.51,3375.9,30,1.0,4.75,,17172,17173,SL,3383.06,0.5,0.29,1.91,1,london,NONE,0.0,,CS4,NONE,,"CS4 SHORT bounce: HTF RSI=74.0, range=high 3383.03, sweep 0 bars ago, wick=0.70"
2025-05-07 11:00:00+00:00,XAU/USD,5min,99,SHORT,SETUP_00251,3393.28,3384.04,45.0,9,4,1,4.0091,2.229,BSL_EQUAL_HIGHS,17430,0.935,3.755,MSS_BEARISH,17430,SHORT,0.825,MODERATE,RANGING,OB,3391.07,3390.27,3390.04,3390.04,3387.82,3369.53,35,1.0,9.21,,17470,17471,SL,3390.09,0.498,1.35,2.95,1,london,CONTEXT_OVERRIDE,40.0,"{""sweep_depth"":20.0,""displacement"":0.0,""zone_confluence"":0.0,""htf_clarity"":20.0,""round_number"":0.0,""pdh_pdl"":0.0,""session_timing"":0.0,""total"":40.0}",EDGE2,BLOCKED_SWEEP_ELEVATED_CONTEXT,TRENDING_STRONG,
2025-05-08 09:50:00+00:00,XAU/USD,5min,99,SHORT,SETUP_00252,3346.04,3320.28,70.0,43,2,2,3.4315,3.165,BSL_SWING_HIGH,17736,0.208,0.68,MSS_BEARISH,17740,SHORT,0.337,MODERATE,RANGING,OB,3343.4,3340.96,3340.73,3340.73,3337.04,3294.52,20,1.0,12.51,,17744,17749,SL,3340.78,0.499,0.84,10.45,5,london,NONE,20.0,"{""sweep_depth"":0.0,""displacement"":0.0,""zone_confluence"":0.0,""htf_clarity"":20.0,""round_number"":0.0,""pdh_pdl"":0.0,""session_timing"":0.0,""total"":20.0}",EDGE2,NONE,TRENDING_MODERATE,
2025-05-12 10:00:00+00:00,XAU/USD,5min,99,LONG,CS_CS4_00260,0.0,0.0,0.0,0,0,0,4.6449,0.0,,-1,0.0,0.0,,-1,,0.0,,,,0.0,0.0,3218.38,3218.38,3223.55,3226.78,30,1.0,1.63,,18482,18483,SL,3218.33,0.5,1.99,8.82,1,london,NONE,0.0,,CS4,NONE,,"CS4 LONG bounce: HTF RSI=20.9, range=low 3216.14, sweep 0 bars ago, wick=1.77"
2025-05-13 11:25:00+00:00,XAU/USD,5min,99,SHORT,SETUP_00262,3260.52,3251.08,80.0,77,2,2,2.9237,3.167,BSL_SWING_HIGH,18743,0.207,0.66,MSS_BEARISH,18751,SHORT,0.622,MODERATE,RANGING,OB,3258.41,3258.21,3257.98,3257.98,3256.68,3241.64,50,1.0,12.55,,18787,18788,SL,3258.03,0.496,0.43,3.43,1,london,NONE,20.0,"{""sweep_depth"":0.0,""displacement"":0.0,""zone_confluence"":0.0,""htf_clarity"":20.0,""round_number"":0.0,""pdh_pdl"":0.0,""session_timing"":0.0,""total"":20.0}",EDGE2,NONE,TRENDING_MODERATE,
2025-05-13 16:05:00+00:00,XAU/USD,5min,99,SHORT,SETUP_00263,3257.3,3245.62,55.0,8,2,2,3.3883,3.447,BSL_SWING_HIGH,18789,0.61,1.82,MSS_BEARISH,18789,SHORT,0.656,MODERATE,RANGING,BB,3256.73,3256.53,3256.3,3256.3,3254.86,3250.54,35,1.0,4.0,,18843,18845,SL,3256.35,0.497,1.4,1.61,2,off_hours,NONE,30.0,"{""sweep_depth"":10.0,""displacement"":0.0,""zone_confluence"":0.0,""htf_clarity"":20.0,""round_number"":0.0,""pdh_pdl"":0.0,""session_timing"":0.0,""total"":30.0}",EDGE2,NONE,TRENDING_MODERATE,
2025-05-13 16:45:00+00:00,XAU/USD,5min,99,LONG,SETUP_00264,3257.3,3245.62,55.0,16,2,2,2.7406,3.447,SSL_EQUAL_LOWS,18838,0.516,1.9,MSS_BULLISH,18847,LONG,0.461,MODERATE,RANGING,OB,3251.4,3249.65,3251.63,3248.83,3254.42,3256.08,35,1.0,1.59,,18851,18856,SL,3248.78,-1.018,4.6,0.99,5,off_hours,NONE,65.0,"{""sweep_depth"":10.0,""displacement"":0.0,""zone_confluence"":15.0,""htf_clarity"":20.0,""round_number"":20.0,""pdh_pdl"":0.0,""session_timing"":0.0,""total"":65.0}",EDGE2,NONE,TRENDING_MODERATE,
2025-05-14 07:30:00+00:00,XAU/USD,5min,99,SHORT,SETUP_00265,3236.64,3228.13,70.0,22,2,2,3.5551,2.919,BSL_SWING_HIGH,19021,0.203,0.58,MSS_BEARISH,19022,SHORT,0.683,MODERATE,RANGING,OB,3232.44,3231.0,3230.77,3233.51,3228.04,3222.17,35,1.0,3.15,,19028,19029,SL,3233.56,-1.018,7.4,0.0,1,london,NONE,35.0,"{""sweep_depth"":0.0,""displacement"":0.0,""zone_confluence"":0.0,""htf_clarity"":20.0,""round_number"":0.0,""pdh_pdl"":0.0,""session_timing"":15.0,""total"":35.0}",EDGE2,NONE,TRENDING_MODERATE,
2025-05-16 07:45:00+00:00,XAU/USD,5min,99,SHORT,SETUP_00276,3221.65,3207.3,40.0,14,1,1,3.8251,3.154,BSL_SWING_HIGH,19599,0.622,2.58,MSS_BEARISH,19600,SHORT,1.371,STRONG,RANGING,OB,3216.24,3212.15,3211.92,3211.92,3206.46,3192.95,25,1.0,3.47,,19606,19627,SL,3211.97,0.499,1.88,16.33,21,london,NONE,55.0,"{""sweep_depth"":10.0,""displacement"":10.0,""zone_confluence"":0.0,""htf_clarity"":20.0,""round_number"":0.0,""pdh_pdl"":0.0,""session_timing"":15.0,""total"":55.0}",EDGE2,NONE,TRENDING_MODERATE,
2025-05-17 08:15:00+00:00,XAU/USD,5min,99,LONG,SETUP_00277,3207.5,3204.6,50.0,23,1,3,1.2365,3.417,SSL_EQUAL_LOWS,19872,0.625,0.6,MSS_BULLISH,19872,LONG,0.625,MODERATE,RANGING,BB,3203.3,3203.0,3203.53,3203.53,3204.53,3209.23,35,1.0,6.37,,19880,19915,TP2,3209.23,3.35,0.0,6.17,35,london,NONE,45.0,"{""sweep_depth"":10.0,""displacement"":0.0,""zone_confluence"":0.0,""htf_clarity"":20.0,""round_number"":0.0,""pdh_pdl"":0.0,""session_timing"":15.0,""total"":45.0}",EDGE2,NONE,RANGING,
2025-09-10 07:20:00+00:00,XAU/USD,5min,99,SHORT,SETUP_00310,3649.15,3645.15,40.0,35,1,1,2.084,3.435,BSL_SWING_HIGH,22393,0.563,1.18,MSS_BEARISH,22394,SHORT,0.74,MODERATE,DOWNTREND,OB,3648.63,3648.19,3647.96,3647.96,3646.67,3639.0,35,1.0,6.95,,22398,22401,SL,3648.01,0.496,1.08,1.72,3,london,NONE,70.0,"{""sweep_depth"":10.0,""displacement"":0.0,""zone_confluence"":15.0,""htf_clarity"":20.0,""round_number"":10.0,""pdh_pdl"":0.0,""session_timing"":15.0,""total"":70.0}",EDGE2,NONE,TRENDING_MODERATE,
2025-09-11 14:25:00+00:00,XAU/USD,5min,99,SHORT,SETUP_00316,3634.93,3620.09,65.0,20,4,2,4.9887,2.468,BSL_RANGE_HIGH,22681,0.359,0.79,MSS_BEARISH,22682,SHORT,1.491,STRONG,DOWNTREND,BB,3636.18,3635.97,3635.75,3635.75,3633.83,3630.0,35,1.0,2.99,,22771,22773,TP2,3630.0,1.997,0.0,9.19,2,off_hours,CONTEXT_OVERRIDE,30.0,"{""sweep_depth"":0.0,""displacement"":10.0,""zone_confluence"":0.0,""htf_clarity"":20.0,""round_number"":0.0,""pdh_pdl"":0.0,""session_timing"":0.0,""total"":30.0}",EDGE2,BLOCKED_SWEEP_ELEVATED_CONTEXT,TRENDING_MODERATE,
2025-09-11 15:25:00+00:00,XAU/USD,5min,99,SHORT,SETUP_00317,3634.93,3620.09,65.0,32,4,2,3.1549,2.468,BSL_EQUAL_HIGHS,22774,0.387,1.8,MSS_BEARISH,22774,SHORT,0.802,MODERATE,DOWNTREND,OB,3635.24,3633.8,3633.57,3633.57,3630.96,3630.0,35,1.0,1.37,,22783,22789,SL,3633.62,0.498,0.79,4.1,6,off_hours,CONTEXT_OVERRIDE,20.0,"{""sweep_depth"":0.0,""displacement"":0.0,""zone_confluence"":0.0,""htf_clarity"":20.0,""round_number"":0.0,""pdh_pdl"":0.0,""session_timing"":0.0,""total"":20.0}",EDGE2,BLOCKED_SWEEP_ELEVATED_CONTEXT,TRENDING_MODERATE,
2025-09-12 07:35:00+00:00,XAU/USD,5min,99,SHORT,SETUP_00318,3652.21,3648.0,70.0,21,2,3,1.4126,3.003,BSL_SWING_HIGH,22966,0.49,0.75,MSS_BEARISH,22971,SHORT,1.778,STRONG,DOWNTREND,OB,3649.98,3649.57,3649.34,3649.34,3648.29,3643.79,30,1.0,5.25,,22977,22983,SL,3649.39,0.495,0.78,1.62,6,london,NONE,90.0,"{""sweep_depth"":0.0,""displacement"":20.0,""zone_confluence"":15.0,""htf_clarity"":20.0,""round_number"":20.0,""pdh_pdl"":0.0,""session_timing"":15.0,""total"":90.0}",EDGE2,NONE,TRENDING_MODERATE,
2026-01-09 08:10:00+00:00,XAU/USD,5min,99,SHORT,SETUP_00355,4476.094,4470.15496,50.0,20,8,1,2.9401,2.197,BSL_SWING_HIGH,25178,0.535,1.524,MSS_BEARISH,25189,SHORT,0.388,MODERATE,RANGING,OB,4476.09,4474.84,4474.62,4474.62,4472.26,4464.22,30,1.0,4.41,,25202,25206,SL,4474.67,0.5,0.34,3.21,4,london,NONE,45.0,"{""sweep_depth"":10.0,""displacement"":0.0,""zone_confluence"":0.0,""htf_clarity"":20.0,""round_number"":0.0,""pdh_pdl"":0.0,""session_timing"":15.0,""total"":45.0}",EDGE2,NONE,TRENDING_MODERATE,
2026-01-09 11:05:00+00:00,XAU/USD,5min,99,SHORT,SETUP_00357,4473.77719,4467.41139,55.0,11,3,2,2.5744,2.997,BSL_SWING_HIGH,25207,0.767,2.035,MSS_BEARISH,25207,SHORT,0.917,MODERATE,RANGING,OB,4474.84,4474.64,4474.42,4474.42,4473.22,4467.56,35,1.0,5.73,,25237,25247,SL,4474.47,0.504,1.63,5.67,10,london,NONE,40.0,"{""sweep_depth"":20.0,""displacement"":0.0,""zone_confluence"":0.0,""htf_clarity"":20.0,""round_number"":0.0,""pdh_pdl"":0.0,""session_timing"":0.0,""total"":40.0}",EDGE2,NONE,TRENDING_MODERATE,
2026-01-14 16:20:00+00:00,XAU/USD,5min,99,LONG,SETUP_00360,4624.59797,4602.63168,55.0,20,3,4,4.7055,2.803,SSL_SWING_LOW,26624,0.399,1.597,BOS_MACRO_DISPLACEMENT,26632,LONG,0.761,MODERATE_BOS,RANGING,BB,4620.3,4618.89,4620.52,4620.52,4623.58,4632.92,35,1.0,4.06,,26740,26741,SL,4620.47,0.435,2.26,3.48,1,off_hours,MOMENTUM_OVERRIDE,20.0,"{""sweep_depth"":0.0,""displacement"":0.0,""zone_confluence"":0.0,""htf_clarity"":20.0,""round_number"":0.0,""pdh_pdl"":0.0,""session_timing"":0.0,""total"":20.0}",EDGE2,BOS_MACRO_DISPLACEMENT,TRENDING_STRONG,
2026-01-19 08:00:00+00:00,XAU/USD,5min,99,LONG,SETUP_00368,4686.1434,4661.0329,50.0,104,1,1,3.0659,3.45,SSL_EQUAL_LOWS,28077,0.285,0.812,MSS_BULLISH,28078,LONG,0.352,MODERATE,RANGING,FVG,4666.85,4666.54,4667.08,4667.08,4668.54,4686.14,30,1.0,13.06,,28080,28089,SL,4667.03,0.5,1.6,6.8,9,london,NONE,50.0,"{""sweep_depth"":0.0,""displacement"":0.0,""zone_confluence"":15.0,""htf_clarity"":20.0,""round_number"":0.0,""pdh_pdl"":0.0,""session_timing"":15.0,""total"":50.0}",EDGE2,NONE,HIGH_VOLATILITY,
2026-01-20 08:20:00+00:00,XAU/USD,5min,99,SHORT,CS_CS4_00370,0.0,0.0,0.0,0,0,0,2.8093,0.0,,-1,0.0,0.0,,-1,,0.0,,,,0.0,0.0,4720.77,4720.77,4717.99,4700.0,30,1.0,7.47,,28372,28375,SL,4720.82,0.5,0.79,5.84,3,london,NONE,0.0,,CS4,NONE,,"CS4 SHORT bounce: HTF RSI=80.4, range=high 4721.80, sweep 0 bars ago, wick=1.05"
2026-01-21 09:00:00+00:00,XAU/USD,5min,99,LONG,SETUP_00371,4869.55738,4855.33843,65.0,12,2,2,4.7374,2.737,SSL_SWING_LOW,28656,0.55,3.391,MSS_BULLISH,28665,LONG,0.711,MODERATE,RANGING,OB,4855.78,4855.45,4856.01,4856.01,4857.99,4869.55,35,1.0,6.83,,28668,28673,TP2,4869.55,3.899,0.0,19.83,5,london,NONE,45.0,"{""sweep_depth"":10.0,""displacement"":0.0,""zone_confluence"":0.0,""htf_clarity"":20.0,""round_number"":0.0,""pdh_pdl"":0.0,""session_timing"":15.0,""total"":45.0}",EDGE2,NONE,TRENDING_STRONG,
2026-01-21 10:25:00+00:00,XAU/USD,5min,99,LONG,SETUP_00372,4869.55738,4855.33843,65.0,29,2,2,3.7893,2.737,SSL_SWING_LOW,28680,1.335,6.318,BOS_MACRO_DISPLACEMENT,28680,LONG,1.346,MODERATE_BOS,UPTREND,OB,4861.54,4860.0,4861.76,4861.76,4864.66,4869.55,35,1.0,2.69,,28685,28696,TP2,4869.55,1.635,1.14,11.46,11,london,MOMENTUM_OVERRIDE,65.0,"{""sweep_depth"":35.0,""displacement"":10.0,""zone_confluence"":0.0,""htf_clarity"":20.0,""round_number"":0.0,""pdh_pdl"":0.0,""session_timing"":0.0,""total"":65.0}",EDGE2,BOS_MACRO_DISPLACEMENT,TRENDING_STRONG,
2026-01-21 11:25:00+00:00,XAU/USD,5min,99,SHORT,CS_CS4_00373,0.0,0.0,0.0,0,0,0,3.2721,0.0,,-1,0.0,0.0,,-1,,0.0,,,,0.0,0.0,4868.06,4868.06,4864.32,4862.45,30,1.0,1.5,,28697,28698,SL,4868.11,0.5,0.03,4.46,1,london,NONE,0.0,,CS4,NONE,,"CS4 SHORT bounce: HTF RSI=79.9, range=high 4869.56, sweep 0 bars ago, wick=1.43"
2026-05-22 11:40:00+00:00,XAU/USD,5min,99,LONG,SETUP_00386,4518.38589,4511.21036,45.0,12,1,3,3.5503,2.314,SSL_SWING_LOW,32219,0.717,2.626,MSS_BULLISH,32219,LONG,0.394,MODERATE,RANGING,OB,4520.31,4519.66,4520.54,4520.54,4522.48,4527.63,35,1.0,3.64,,32260,32261,SL,4520.49,0.497,1.02,3.58,1,london,NONE,30.0,"{""sweep_depth"":10.0,""displacement"":0.0,""zone_confluence"":0.0,""htf_clarity"":20.0,""round_number"":0.0,""pdh_pdl"":0.0,""session_timing"":0.0,""total"":30.0}",EDGE2,NONE,TRENDING_MODERATE,
2026-05-22 16:10:00+00:00,XAU/USD,5min,99,SHORT,SETUP_00391,4521.61331,4514.4228,65.0,9,5,2,3.4391,2.02,BSL_SWING_HIGH,32246,0.435,2.024,BOS_MACRO_DISPLACEMENT,32263,SHORT,0.768,MODERATE_BOS,RANGING,BB,4521.47,4519.28,4519.06,4522.85,4515.62,4510.9,35,1.0,2.37,,32314,32317,SL,4522.9,-1.013,5.21,2.53,3,off_hours,MOMENTUM_OVERRIDE,20.0,"{""sweep_depth"":0.0,""displacement"":0.0,""zone_confluence"":0.0,""htf_clarity"":20.0,""round_number"":0.0,""pdh_pdl"":0.0,""session_timing"":0.0,""total"":20.0}",EDGE2,BOS_MACRO_DISPLACEMENT,TRENDING_STRONG,
2026-05-25 09:00:00+00:00,XAU/USD,5min,99,LONG,SETUP_00396,4565.19424,4553.93933,70.0,31,2,3,2.4169,3.454,SSL_EQUAL_LOWS,33067,1.047,3.376,BOS_MACRO_DISPLACEMENT,33069,LONG,0.805,MODERATE_BOS,RANGING,OB,4557.99,4556.3,4558.21,4555.33,4560.85,4565.12,35,1.0,2.62,,33092,33094,SL,4555.28,-1.017,3.49,0.11,2,london,MOMENTUM_OVERRIDE,70.0,"{""sweep_depth"":35.0,""displacement"":0.0,""zone_confluence"":0.0,""htf_clarity"":20.0,""round_number"":0.0,""pdh_pdl"":0.0,""session_timing"":15.0,""total"":70.0}",EDGE2,BOS_MACRO_DISPLACEMENT,TRENDING_STRONG,
2026-05-25 09:35:00+00:00,XAU/USD,5min,99,SHORT,CS_CS4_00397,0.0,0.0,0.0,0,0,0,2.8658,0.0,,-1,0.0,0.0,,-1,,0.0,,,,0.0,0.0,4564.97,4566.41,4563.53,4559.57,30,1.0,3.76,,33099,33101,SL,4566.46,-1.035,1.51,0.43,2,london,NONE,0.0,,CS4,CS4_EXTENDED_SWEEP_LOOKBACK,,"CS4 SHORT bounce: HTF RSI=71.5, range=high 4565.19, sweep 15 bars ago, wick=0.50"
2026-05-27 10:15:00+00:00,XAU/USD,5min,99,LONG,CS_CS4_00403,0.0,0.0,0.0,0,0,0,4.1079,0.0,,-1,0.0,0.0,,-1,,0.0,,,,0.0,0.0,4482.12,4480.47,4483.77,4500.0,35,1.0,10.82,,33683,33684,SL,4480.42,-1.03,3.44,1.4,1,london,NONE,0.0,,CS4,NONE,,"CS4 LONG bounce: HTF RSI=27.9, range=low 4481.89, sweep 2 bars ago, wick=0.40"
2026-05-28 11:20:00+00:00,XAU/USD,5min,99,SHORT,SETUP_00404,4395.45831,4381.73692,55.0,54,3,3,4.6646,3.089,BSL_SWING_HIGH,33960,0.598,2.976,MSS_BEARISH,33960,SHORT,1.101,STRONG,DOWNTREND,OB,4390.52,4388.14,4387.92,4387.92,4383.92,4378.34,35,1.0,2.39,,33984,33987,SL,4387.97,0.5,2.09,7.2,3,london,NONE,40.0,"{""sweep_depth"":10.0,""displacement"":10.0,""zone_confluence"":0.0,""htf_clarity"":20.0,""round_number"":0.0,""pdh_pdl"":0.0,""session_timing"":0.0,""total"":40.0}",EDGE2,NONE,TRENDING_MODERATE,
